,date,close,symbol
0,2010-06-29,1.6411,TSLA
1,2010-06-30,1.6458,TSLA
2,2010-07-01,1.48,TSLA
3,2010-07-02,1.32,TSLA
4,2010-07-06,1.115,TSLA
5,2010-07-07,1.0865,TSLA
6,2010-07-08,1.207,TSLA
7,2010-07-09,1.19,TSLA
8,2010-07-12,1.1823,TSLA
9,2010-07-13,1.2094,TSLA
10,2010-07-14,1.3512,TSLA
11,2010-07-15,1.351,TSLA
12,2010-07-16,1.434,TSLA
13,2010-07-19,1.4737,TSLA
14,2010-07-20,1.4185,TSLA
15,2010-07-21,1.353,TSLA
16,2010-07-22,1.4,TSLA
17,2010-07-23,1.476,TSLA
18,2010-07-26,1.4457,TSLA
19,2010-07-27,1.43,TSLA
20,2010-07-28,1.4062,TSLA
21,2010-07-29,1.422,TSLA
22,2010-07-30,1.382,TSLA
23,2010-08-02,1.4555,TSLA
24,2010-08-03,1.464,TSLA
25,2010-08-04,1.4455,TSLA
26,2010-08-05,1.4004,TSLA
27,2010-08-06,1.309,TSLA
28,2010-08-09,1.329,TSLA
29,2010-08-10,1.2929,TSLA
30,2010-08-11,1.2409,TSLA
31,2010-08-12,1.2049,TSLA
32,2010-08-13,1.2424,TSLA
33,2010-08-16,1.266,TSLA
34,2010-08-17,1.2999,TSLA
35,2010-08-18,1.2538,TSLA
36,2010-08-19,1.2961,TSLA
37,2010-08-20,1.3008,TSLA
38,2010-08-23,1.357,TSLA
39,2010-08-24,1.33,TSLA
40,2010-08-25,1.3421,TSLA
41,2010-08-26,1.3241,TSLA
42,2010-08-27,1.3785,TSLA
43,2010-08-30,1.371,TSLA
44,2010-08-31,1.3451,TSLA
45,2010-09-01,1.4045,TSLA
46,2010-09-02,1.431,TSLA
47,2010-09-03,1.4489,TSLA
48,2010-09-07,1.3853,TSLA
49,2010-09-08,1.4028,TSLA
50,2010-09-09,1.433,TSLA
51,2010-09-10,1.4006,TSLA
52,2010-09-13,1.4486,TSLA
53,2010-09-14,1.444,TSLA
54,2010-09-15,1.5181,TSLA
55,2010-09-16,1.459,TSLA
56,2010-09-17,1.4152,TSLA
57,2010-09-20,1.4519,TSLA
58,2010-09-21,1.3872,TSLA
59,2010-09-22,1.3479,TSLA
60,2010-09-23,1.365,TSLA
61,2010-09-24,1.34,TSLA
62,2010-09-27,1.421,TSLA
63,2010-09-28,1.4522,TSLA
64,2010-09-29,1.5353,TSLA
65,2010-09-30,1.4229,TSLA
66,2010-10-01,1.4111,TSLA
67,2010-10-04,1.4538,TSLA
68,2010-10-05,1.435,TSLA
69,2010-10-06,1.429,TSLA
70,2010-10-07,1.41,TSLA
71,2010-10-08,1.424,TSLA
72,2010-10-11,1.3864,TSLA
73,2010-10-12,1.4151,TSLA
74,2010-10-13,1.3754,TSLA
75,2010-10-14,1.4309,TSLA
76,2010-10-15,1.3757,TSLA
77,2010-10-18,1.3964,TSLA
78,2010-10-19,1.3455,TSLA
79,2010-10-20,1.3777,TSLA
80,2010-10-21,1.4283,TSLA
81,2010-10-22,1.4181,TSLA
82,2010-10-25,1.45,TSLA
83,2010-10-26,1.471,TSLA
84,2010-10-27,1.5,TSLA
85,2010-10-28,1.4614,TSLA
86,2010-10-29,1.508,TSLA
87,2010-11-01,1.44,TSLA
88,2010-11-02,1.4571,TSLA
89,2010-11-03,1.4836,TSLA
90,2010-11-04,1.72,TSLA
91,2010-11-05,1.6779,TSLA
92,2010-11-08,1.6858,TSLA
93,2010-11-09,1.69,TSLA
94,2010-11-10,1.9865,TSLA
95,2010-11-11,1.93,TSLA
96,2010-11-12,2.0395,TSLA
97,2010-11-15,2.1366,TSLA
98,2010-11-16,2.004,TSLA
99,2010-11-17,2.026,TSLA
100,2010-11-18,2.0795,TSLA
101,2010-11-19,2.162,TSLA
102,2010-11-22,2.31,TSLA
103,2010-11-23,2.362,TSLA
104,2010-11-24,2.3745,TSLA
105,2010-11-26,2.4531,TSLA
106,2010-11-29,2.2965,TSLA
107,2010-11-30,2.4166,TSLA
108,2010-12-01,2.33,TSLA
109,2010-12-02,2.2121,TSLA
110,2010-12-03,2.1555,TSLA
111,2010-12-06,2.03,TSLA
112,2010-12-07,2.186,TSLA
113,2010-12-08,2.237,TSLA
114,2010-12-09,2.2019,TSLA
115,2010-12-10,2.1022,TSLA
116,2010-12-13,2.0596,TSLA
117,2010-12-14,1.918,TSLA
118,2010-12-15,2.0306,TSLA
119,2010-12-16,2.109,TSLA
120,2010-12-17,2.1835,TSLA
121,2010-12-20,2.1621,TSLA
122,2010-12-21,2.1528,TSLA
123,2010-12-22,2.1779,TSLA
124,2010-12-23,2.085,TSLA
125,2010-12-27,1.7367,TSLA
126,2010-12-28,1.772,TSLA
127,2010-12-29,1.9306,TSLA
128,2010-12-30,1.8264,TSLA
129,2010-12-31,1.7992,TSLA
130,2011-01-03,1.799,TSLA
131,2011-01-04,1.778,TSLA
132,2011-01-05,1.8449,TSLA
133,2011-01-06,1.8942,TSLA
134,2011-01-07,1.8885,TSLA
135,2011-01-10,1.9761,TSLA
136,2011-01-11,1.8727,TSLA
137,2011-01-12,1.8535,TSLA
138,2011-01-13,1.766,TSLA
139,2011-01-14,1.7734,TSLA
140,2011-01-18,1.7457,TSLA
141,2011-01-19,1.624,TSLA
142,2011-01-20,1.553,TSLA
143,2011-01-21,1.561,TSLA
144,2011-01-24,1.7093,TSLA
145,2011-01-25,1.6992,TSLA
146,2011-01-26,1.68,TSLA
147,2011-01-27,1.6919,TSLA
148,2011-01-28,1.6159,TSLA
149,2011-01-31,1.6516,TSLA
150,2011-02-01,1.604,TSLA
151,2011-02-02,1.642,TSLA
152,2011-02-03,1.6114,TSLA
153,2011-02-04,1.627,TSLA
154,2011-02-07,1.549,TSLA
155,2011-02-08,1.6431,TSLA
156,2011-02-09,1.6087,TSLA
157,2011-02-10,1.6203,TSLA
158,2011-02-11,1.56,TSLA
159,2011-02-14,1.5635,TSLA
160,2011-02-15,1.5819,TSLA
161,2011-02-16,1.6628,TSLA
162,2011-02-17,1.583,TSLA
163,2011-02-18,1.5473,TSLA
164,2011-02-22,1.493,TSLA
165,2011-02-23,1.4828,TSLA
166,2011-02-24,1.57,TSLA
167,2011-02-25,1.594,TSLA
168,2011-02-28,1.6232,TSLA
169,2011-03-01,1.657,TSLA
170,2011-03-02,1.6758,TSLA
171,2011-03-03,1.664,TSLA
172,2011-03-04,1.7025,TSLA
173,2011-03-07,1.7296,TSLA
174,2011-03-08,1.694,TSLA
175,2011-03-09,1.655,TSLA
176,2011-03-10,1.6532,TSLA
177,2011-03-11,1.6278,TSLA
178,2011-03-14,1.58,TSLA
179,2011-03-15,1.54,TSLA
180,2011-03-16,1.5521,TSLA
181,2011-03-17,1.5589,TSLA
182,2011-03-18,1.5457,TSLA
183,2011-03-21,1.5311,TSLA
184,2011-03-22,1.4957,TSLA
185,2011-03-23,1.4987,TSLA
186,2011-03-24,1.5367,TSLA
187,2011-03-25,1.5409,TSLA
188,2011-03-28,1.56,TSLA
189,2011-03-29,1.6531,TSLA
190,2011-03-30,1.6362,TSLA
191,2011-03-31,1.88,TSLA
192,2011-04-01,1.8418,TSLA
193,2011-04-04,1.729,TSLA
194,2011-04-05,1.79,TSLA
195,2011-04-06,1.826,TSLA
196,2011-04-07,1.864,TSLA
197,2011-04-08,1.834,TSLA
198,2011-04-11,1.7213,TSLA
199,2011-04-12,1.6959,TSLA
200,2011-04-13,1.701,TSLA
201,2011-04-14,1.727,TSLA
202,2011-04-15,1.7213,TSLA
203,2011-04-18,1.7461,TSLA
204,2011-04-19,1.6855,TSLA
205,2011-04-20,1.7562,TSLA
206,2011-04-21,1.8196,TSLA
207,2011-04-22,1.793,TSLA
208,2011-04-25,1.8452,TSLA
209,2011-04-26,1.8662,TSLA
210,2011-04-27,1.8763,TSLA
211,2011-04-28,1.919,TSLA
212,2011-04-29,1.91,TSLA
213,2011-05-02,1.83,TSLA
214,2011-05-03,1.84,TSLA
215,2011-05-04,1.8408,TSLA
216,2011-05-05,1.8013,TSLA
217,2011-05-06,1.884,TSLA
218,2011-05-09,1.8734,TSLA
219,2011-05-10,1.9343,TSLA
220,2011-05-11,1.8296,TSLA
221,2011-05-12,1.9027,TSLA
222,2011-05-13,1.855,TSLA
223,2011-05-16,1.8491,TSLA
224,2011-05-17,1.8009,TSLA
225,2011-05-18,1.8294,TSLA
226,2011-05-19,1.89,TSLA
227,2011-05-20,1.9312,TSLA
228,2011-05-23,1.805,TSLA
229,2011-05-24,1.8331,TSLA
230,2011-05-25,1.972,TSLA
231,2011-05-26,1.9785,TSLA
232,2011-05-27,2.04,TSLA
233,2011-05-31,2.0306,TSLA
234,2011-06-01,1.9562,TSLA
235,2011-06-02,1.9376,TSLA
236,2011-06-03,2.0752,TSLA
237,2011-06-06,1.9788,TSLA
238,2011-06-07,1.9323,TSLA
239,2011-06-08,1.896,TSLA
240,2011-06-09,1.9063,TSLA
241,2011-06-10,1.9461,TSLA
242,2011-06-13,1.8988,TSLA
243,2011-06-14,1.9169,TSLA
244,2011-06-15,1.8829,TSLA
245,2011-06-16,1.8295,TSLA
246,2011-06-17,1.8058,TSLA
247,2011-06-20,1.804,TSLA
248,2011-06-21,1.8761,TSLA
249,2011-06-22,1.848,TSLA
250,2011-06-23,1.8663,TSLA
251,2011-06-24,1.8885,TSLA
252,2011-06-27,1.8881,TSLA
253,2011-06-28,1.917,TSLA
254,2011-06-29,1.904,TSLA
255,2011-06-30,2.018,TSLA
256,2011-07-01,1.9363,TSLA
257,2011-07-05,2.0187,TSLA
258,2011-07-06,1.9663,TSLA
259,2011-07-07,2.013,TSLA
260,2011-07-08,1.9939,TSLA
261,2011-07-11,1.94,TSLA
262,2011-07-12,1.901,TSLA
263,2011-07-13,1.9634,TSLA
264,2011-07-14,1.8947,TSLA
265,2011-07-15,1.9137,TSLA
266,2011-07-18,1.8892,TSLA
267,2011-07-19,1.9001,TSLA
268,2011-07-20,1.9391,TSLA
269,2011-07-21,1.9163,TSLA
270,2011-07-22,1.97,TSLA
271,2011-07-25,1.9468,TSLA
272,2011-07-26,1.9149,TSLA
273,2011-07-27,1.853,TSLA
274,2011-07-28,1.971,TSLA
275,2011-07-29,1.902,TSLA
276,2011-08-01,1.973,TSLA
277,2011-08-02,1.9006,TSLA
278,2011-08-03,1.8362,TSLA
279,2011-08-04,1.66,TSLA
280,2011-08-05,1.641,TSLA
281,2011-08-08,1.577,TSLA
282,2011-08-09,1.7502,TSLA
283,2011-08-10,1.628,TSLA
284,2011-08-11,1.7019,TSLA
285,2011-08-12,1.766,TSLA
286,2011-08-15,1.8055,TSLA
287,2011-08-16,1.81,TSLA
288,2011-08-17,1.726,TSLA
289,2011-08-18,1.6601,TSLA
290,2011-08-19,1.5398,TSLA
291,2011-08-22,1.5318,TSLA
292,2011-08-23,1.555,TSLA
293,2011-08-24,1.6351,TSLA
294,2011-08-25,1.5517,TSLA
295,2011-08-26,1.641,TSLA
296,2011-08-29,1.6835,TSLA
297,2011-08-30,1.663,TSLA
298,2011-08-31,1.6496,TSLA
299,2011-09-01,1.7,TSLA
300,2011-09-02,1.604,TSLA
301,2011-09-06,1.5768,TSLA
302,2011-09-07,1.6503,TSLA
303,2011-09-08,1.651,TSLA
304,2011-09-09,1.5639,TSLA
305,2011-09-12,1.5933,TSLA
306,2011-09-13,1.6297,TSLA
307,2011-09-14,1.6409,TSLA
308,2011-09-15,1.6957,TSLA
309,2011-09-16,1.75,TSLA
310,2011-09-19,1.723,TSLA
311,2011-09-20,1.809,TSLA
312,2011-09-21,1.8002,TSLA
313,2011-09-22,1.7192,TSLA
314,2011-09-23,1.8339,TSLA
315,2011-09-26,1.7557,TSLA
316,2011-09-27,1.776,TSLA
317,2011-09-28,1.6909,TSLA
318,2011-09-29,1.621,TSLA
319,2011-09-30,1.683,TSLA
320,2011-10-03,1.66,TSLA
321,2011-10-04,1.6541,TSLA
322,2011-10-05,1.7277,TSLA
323,2011-10-06,1.8178,TSLA
324,2011-10-07,1.8381,TSLA
325,2011-10-10,1.9089,TSLA
326,2011-10-11,1.9028,TSLA
327,2011-10-12,1.8952,TSLA
328,2011-10-13,1.9292,TSLA
329,2011-10-14,1.95,TSLA
330,2011-10-17,1.869,TSLA
331,2011-10-18,1.9483,TSLA
332,2011-10-19,1.921,TSLA
333,2011-10-20,1.8811,TSLA
334,2011-10-21,1.958,TSLA
335,2011-10-24,1.9753,TSLA
336,2011-10-25,1.9515,TSLA
337,2011-10-26,1.8759,TSLA
338,2011-10-27,2.0116,TSLA
339,2011-10-28,2.0582,TSLA
340,2011-10-31,2.015,TSLA
341,2011-11-01,1.9826,TSLA
342,2011-11-02,1.997,TSLA
343,2011-11-03,2.226,TSLA
344,2011-11-04,2.188,TSLA
345,2011-11-07,2.185,TSLA
346,2011-11-08,2.1955,TSLA
347,2011-11-09,2.0993,TSLA
348,2011-11-10,2.1468,TSLA
349,2011-11-11,2.263,TSLA
350,2011-11-14,2.2722,TSLA
351,2011-11-15,2.291,TSLA
352,2011-11-16,2.4285,TSLA
353,2011-11-17,2.2833,TSLA
354,2011-11-18,2.2186,TSLA
355,2011-11-21,2.1742,TSLA
356,2011-11-22,2.157,TSLA
357,2011-11-23,2.1905,TSLA
358,2011-11-25,2.173,TSLA
359,2011-11-28,2.2148,TSLA
360,2011-11-29,2.1439,TSLA
361,2011-11-30,2.2173,TSLA
362,2011-12-01,2.2188,TSLA
363,2011-12-02,2.27,TSLA
364,2011-12-05,2.3841,TSLA
365,2011-12-06,2.3604,TSLA
366,2011-12-07,2.3196,TSLA
367,2011-12-08,2.1335,TSLA
368,2011-12-09,2.1438,TSLA
369,2011-12-12,2.0355,TSLA
370,2011-12-13,2.0164,TSLA
371,2011-12-14,1.926,TSLA
372,2011-12-15,1.915,TSLA
373,2011-12-16,1.9464,TSLA
374,2011-12-19,1.85,TSLA
375,2011-12-20,1.89,TSLA
376,2011-12-21,1.845,TSLA
377,2011-12-22,1.8762,TSLA
378,2011-12-23,1.87,TSLA
379,2011-12-27,1.996,TSLA
380,2011-12-28,1.975,TSLA
381,2011-12-29,1.9768,TSLA
382,2011-12-30,1.906,TSLA
383,2012-01-03,1.912,TSLA
384,2012-01-04,1.9026,TSLA
385,2012-01-05,1.869,TSLA
386,2012-01-06,1.798,TSLA
387,2012-01-09,1.8517,TSLA
388,2012-01-10,1.8496,TSLA
389,2012-01-11,1.884,TSLA
390,2012-01-12,1.9715,TSLA
391,2012-01-13,1.5775,TSLA
392,2012-01-17,1.8322,TSLA
393,2012-01-18,1.8303,TSLA
394,2012-01-19,1.808,TSLA
395,2012-01-20,1.8511,TSLA
396,2012-01-23,1.8327,TSLA
397,2012-01-24,1.916,TSLA
398,2012-01-25,1.8806,TSLA
399,2012-01-26,1.9958,TSLA
400,2012-01-27,2.0428,TSLA
401,2012-01-30,2.0533,TSLA
402,2012-01-31,2.019,TSLA
403,2012-02-01,1.996,TSLA
404,2012-02-02,2.0782,TSLA
405,2012-02-03,2.1492,TSLA
406,2012-02-06,2.16,TSLA
407,2012-02-07,2.1089,TSLA
408,2012-02-08,2.1695,TSLA
409,2012-02-09,2.216,TSLA
410,2012-02-10,2.0973,TSLA
411,2012-02-13,2.1938,TSLA
412,2012-02-14,2.3023,TSLA
413,2012-02-15,2.28,TSLA
414,2012-02-16,2.3059,TSLA
415,2012-02-17,2.4232,TSLA
416,2012-02-21,2.4,TSLA
417,2012-02-22,2.307,TSLA
418,2012-02-23,2.415,TSLA
419,2012-02-24,2.25,TSLA
420,2012-02-27,2.2631,TSLA
421,2012-02-28,2.341,TSLA
422,2012-02-29,2.2357,TSLA
423,2012-03-01,2.368,TSLA
424,2012-03-02,2.3735,TSLA
425,2012-03-05,2.2669,TSLA
426,2012-03-06,2.2638,TSLA
427,2012-03-07,2.238,TSLA
428,2012-03-08,2.2734,TSLA
429,2012-03-09,2.412,TSLA
430,2012-03-12,2.423,TSLA
431,2012-03-13,2.438,TSLA
432,2012-03-14,2.3999,TSLA
433,2012-03-15,2.3412,TSLA
434,2012-03-16,2.3753,TSLA
435,2012-03-19,2.336,TSLA
436,2012-03-20,2.4258,TSLA
437,2012-03-21,2.4194,TSLA
438,2012-03-22,2.2961,TSLA
439,2012-03-23,2.336,TSLA
440,2012-03-26,2.5971,TSLA
441,2012-03-27,2.644,TSLA
442,2012-03-28,2.6249,TSLA
443,2012-03-29,2.5256,TSLA
444,2012-03-30,2.5107,TSLA
445,2012-04-02,2.4648,TSLA
446,2012-04-03,2.536,TSLA
447,2012-04-04,2.3435,TSLA
448,2012-04-05,2.3726,TSLA
449,2012-04-09,2.32,TSLA
450,2012-04-10,2.166,TSLA
451,2012-04-11,2.293,TSLA
452,2012-04-12,2.2931,TSLA
453,2012-04-13,2.2408,TSLA
454,2012-04-16,2.22,TSLA
455,2012-04-17,2.2508,TSLA
456,2012-04-18,2.2721,TSLA
457,2012-04-19,2.2869,TSLA
458,2012-04-20,2.3141,TSLA
459,2012-04-23,2.198,TSLA
460,2012-04-24,2.2252,TSLA
461,2012-04-25,2.279,TSLA
462,2012-04-26,2.34,TSLA
463,2012-04-27,2.2303,TSLA
464,2012-04-30,2.2375,TSLA
465,2012-05-01,2.273,TSLA
466,2012-05-02,2.2742,TSLA
467,2012-05-03,2.222,TSLA
468,2012-05-04,2.215,TSLA
469,2012-05-07,2.2177,TSLA
470,2012-05-08,2.0825,TSLA
471,2012-05-09,2.071,TSLA
472,2012-05-10,2.2146,TSLA
473,2012-05-11,2.16,TSLA
474,2012-05-14,2.086,TSLA
475,2012-05-15,2.01,TSLA
476,2012-05-16,2.0097,TSLA
477,2012-05-17,1.9426,TSLA
478,2012-05-18,1.8571,TSLA
479,2012-05-21,1.935,TSLA
480,2012-05-22,2.1324,TSLA
481,2012-05-23,2.126,TSLA
482,2012-05-24,2.0629,TSLA
483,2012-05-25,1.9932,TSLA
484,2012-05-29,2.1491,TSLA
485,2012-05-30,2.12,TSLA
486,2012-05-31,2.0163,TSLA
487,2012-06-01,1.8805,TSLA
488,2012-06-04,1.8628,TSLA
489,2012-06-05,1.8863,TSLA
490,2012-06-06,2.005,TSLA
491,2012-06-07,2.0206,TSLA
492,2012-06-08,2.0545,TSLA
493,2012-06-11,2.0131,TSLA
494,2012-06-12,2.0324,TSLA
495,2012-06-13,2.0512,TSLA
496,2012-06-14,1.9619,TSLA
497,2012-06-15,2.027,TSLA
498,2012-06-18,2.2198,TSLA
499,2012-06-19,2.2234,TSLA
500,2012-06-20,2.279,TSLA
501,2012-06-21,2.169,TSLA
502,2012-06-22,2.2586,TSLA
503,2012-06-25,2.2896,TSLA
504,2012-06-26,2.2057,TSLA
505,2012-06-27,2.1706,TSLA
506,2012-06-28,2.195,TSLA
507,2012-06-29,2.166,TSLA
508,2012-07-02,2.0604,TSLA
509,2012-07-03,2.078,TSLA
510,2012-07-05,2.113,TSLA
511,2012-07-06,2.154,TSLA
512,2012-07-09,2.1055,TSLA
513,2012-07-10,2.1507,TSLA
514,2012-07-11,2.186,TSLA
515,2012-07-12,2.27,TSLA
516,2012-07-13,2.295,TSLA
517,2012-07-16,2.5019,TSLA
518,2012-07-17,2.294,TSLA
519,2012-07-18,2.2407,TSLA
520,2012-07-19,2.2511,TSLA
521,2012-07-20,2.1952,TSLA
522,2012-07-23,2.073,TSLA
523,2012-07-24,2.0411,TSLA
524,2012-07-25,1.94,TSLA
525,2012-07-26,1.9115,TSLA
526,2012-07-27,1.9691,TSLA
527,2012-07-30,1.8932,TSLA
528,2012-07-31,1.84,TSLA
529,2012-08-01,1.81,TSLA
530,2012-08-02,1.76,TSLA
531,2012-08-03,1.857,TSLA
532,2012-08-06,1.9506,TSLA
533,2012-08-07,2.0171,TSLA
534,2012-08-08,1.9611,TSLA
535,2012-08-09,2.0109,TSLA
536,2012-08-10,2.061,TSLA
537,2012-08-13,2.114,TSLA
538,2012-08-14,1.9855,TSLA
539,2012-08-15,2.06,TSLA
540,2012-08-16,2.03,TSLA
541,2012-08-17,2.0558,TSLA
542,2012-08-20,2.0089,TSLA
543,2012-08-21,1.9914,TSLA
544,2012-08-22,2.0829,TSLA
545,2012-08-23,2.1482,TSLA
546,2012-08-24,1.9925,TSLA
547,2012-08-27,1.898,TSLA
548,2012-08-28,1.9226,TSLA
549,2012-08-29,1.963,TSLA
550,2012-08-30,1.978,TSLA
551,2012-08-31,1.9197,TSLA
552,2012-09-04,1.955,TSLA
553,2012-09-05,1.8697,TSLA
554,2012-09-06,1.9339,TSLA
555,2012-09-07,1.9904,TSLA
556,2012-09-10,1.8847,TSLA
557,2012-09-11,1.896,TSLA
558,2012-09-12,1.9061,TSLA
559,2012-09-13,1.9971,TSLA
560,2012-09-14,2.111,TSLA
561,2012-09-17,2.2499,TSLA
562,2012-09-18,2.1565,TSLA
563,2012-09-19,2.16,TSLA
564,2012-09-20,2.08,TSLA
565,2012-09-21,2.0618,TSLA
566,2012-09-24,2.052,TSLA
567,2012-09-25,1.875,TSLA
568,2012-09-26,1.837,TSLA
569,2012-09-27,1.9405,TSLA
570,2012-09-28,2.015,TSLA
571,2012-10-01,1.958,TSLA
572,2012-10-02,2.052,TSLA
573,2012-10-03,1.9931,TSLA
574,2012-10-04,1.97,TSLA
575,2012-10-05,1.967,TSLA
576,2012-10-08,2.02,TSLA
577,2012-10-09,1.8924,TSLA
578,2012-10-10,1.9711,TSLA
579,2012-10-11,1.962,TSLA
580,2012-10-12,1.9244,TSLA
581,2012-10-15,1.842,TSLA
582,2012-10-16,1.8738,TSLA
583,2012-10-17,1.9486,TSLA
584,2012-10-18,1.8848,TSLA
585,2012-10-19,1.8967,TSLA
586,2012-10-22,1.8848,TSLA
587,2012-10-23,1.8987,TSLA
588,2012-10-24,1.831,TSLA
589,2012-10-25,1.8372,TSLA
590,2012-10-26,1.8265,TSLA
591,2012-10-30,1.9104,TSLA
592,2012-10-31,1.9224,TSLA
593,2012-11-01,1.9799,TSLA
594,2012-11-02,1.9435,TSLA
595,2012-11-05,2.1,TSLA
596,2012-11-06,2.1654,TSLA
597,2012-11-07,2.1101,TSLA
598,2012-11-08,2.1717,TSLA
599,2012-11-09,2.0491,TSLA
600,2012-11-12,2.1443,TSLA
601,2012-11-13,2.1551,TSLA
602,2012-11-14,2.156,TSLA
603,2012-11-15,2.0724,TSLA
604,2012-11-16,2.1973,TSLA
605,2012-11-19,2.2101,TSLA
606,2012-11-20,2.3,TSLA
607,2012-11-21,2.2425,TSLA
608,2012-11-23,2.185,TSLA
609,2012-11-26,2.1767,TSLA
610,2012-11-27,2.1877,TSLA
611,2012-11-28,2.3109,TSLA
612,2012-11-29,2.282,TSLA
613,2012-11-30,2.2862,TSLA
614,2012-12-03,2.309,TSLA
615,2012-12-04,2.35,TSLA
616,2012-12-05,2.3208,TSLA
617,2012-12-06,2.33,TSLA
618,2012-12-07,2.281,TSLA
619,2012-12-10,2.4004,TSLA
620,2012-12-11,2.464,TSLA
621,2012-12-12,2.3766,TSLA
622,2012-12-13,2.2639,TSLA
623,2012-12-14,2.339,TSLA
624,2012-12-17,2.3685,TSLA
625,2012-12-18,2.42,TSLA
626,2012-12-19,2.3943,TSLA
627,2012-12-20,2.3318,TSLA
628,2012-12-21,2.3249,TSLA
629,2012-12-24,2.3933,TSLA
630,2012-12-26,2.3349,TSLA
631,2012-12-27,2.313,TSLA
632,2012-12-28,2.3023,TSLA
633,2012-12-31,2.366,TSLA
634,2013-01-02,2.4251,TSLA
635,2013-01-03,2.34,TSLA
636,2013-01-04,2.2942,TSLA
637,2013-01-07,2.2962,TSLA
638,2013-01-08,2.349,TSLA
639,2013-01-09,2.3523,TSLA
640,2013-01-10,2.2462,TSLA
641,2013-01-11,2.243,TSLA
642,2013-01-14,2.2889,TSLA
643,2013-01-15,2.37,TSLA
644,2013-01-16,2.3594,TSLA
645,2013-01-17,2.377,TSLA
646,2013-01-18,2.3504,TSLA
647,2013-01-21,2.3859,TSLA
648,2013-01-22,2.416,TSLA
649,2013-01-23,2.5,TSLA
650,2013-01-24,2.507,TSLA
651,2013-01-25,2.4949,TSLA
652,2013-01-28,2.6541,TSLA
653,2013-01-29,2.57,TSLA
654,2013-01-30,2.622,TSLA
655,2013-01-31,2.5789,TSLA
656,2013-02-01,2.5901,TSLA
657,2013-02-04,2.543,TSLA
658,2013-02-05,2.564,TSLA
659,2013-02-06,2.6156,TSLA
660,2013-02-07,2.758,TSLA
661,2013-02-08,2.722,TSLA
662,2013-02-11,2.6658,TSLA
663,2013-02-12,2.528,TSLA
664,2013-02-13,2.6253,TSLA
665,2013-02-14,2.6623,TSLA
666,2013-02-15,2.5543,TSLA
667,2013-02-18,2.4747,TSLA
668,2013-02-19,2.6831,TSLA
669,2013-02-20,2.6815,TSLA
670,2013-02-21,2.367,TSLA
671,2013-02-22,2.4854,TSLA
672,2013-02-25,2.306,TSLA
673,2013-02-26,2.3096,TSLA
674,2013-02-27,2.38,TSLA
675,2013-02-28,2.368,TSLA
676,2013-03-01,2.41,TSLA
677,2013-03-04,2.465,TSLA
678,2013-03-05,2.4717,TSLA
679,2013-03-06,2.6335,TSLA
680,2013-03-07,2.6707,TSLA
681,2013-03-08,2.6022,TSLA
682,2013-03-11,2.6201,TSLA
683,2013-03-12,2.696,TSLA
684,2013-03-13,2.696,TSLA
685,2013-03-14,2.4798,TSLA
686,2013-03-15,2.3919,TSLA
687,2013-03-18,2.429,TSLA
688,2013-03-19,2.385,TSLA
689,2013-03-20,2.5043,TSLA
690,2013-03-21,2.4283,TSLA
691,2013-03-22,2.4917,TSLA
692,2013-03-25,2.616,TSLA
693,2013-03-26,2.558,TSLA
694,2013-03-27,2.561,TSLA
695,2013-03-28,2.611,TSLA
696,2013-03-29,2.636,TSLA
697,2013-04-01,3.0238,TSLA
698,2013-04-02,3.008,TSLA
699,2013-04-03,2.8,TSLA
700,2013-04-04,2.8493,TSLA
701,2013-04-05,2.771,TSLA
702,2013-04-08,2.9116,TSLA
703,2013-04-09,2.7,TSLA
704,2013-04-10,2.8634,TSLA
705,2013-04-11,2.996,TSLA
706,2013-04-12,2.9527,TSLA
707,2013-04-15,3.0183,TSLA
708,2013-04-16,3.1325,TSLA
709,2013-04-17,3.15,TSLA
710,2013-04-18,3.2255,TSLA
711,2013-04-19,3.2176,TSLA
712,2013-04-22,3.51,TSLA
713,2013-04-23,3.422,TSLA
714,2013-04-24,3.386,TSLA
715,2013-04-25,3.5133,TSLA
716,2013-04-26,3.4656,TSLA
717,2013-04-29,3.7548,TSLA
718,2013-04-30,3.6495,TSLA
719,2013-05-01,3.593,TSLA
720,2013-05-02,3.7584,TSLA
721,2013-05-03,3.7941,TSLA
722,2013-05-06,4.0593,TSLA
723,2013-05-07,3.7867,TSLA
724,2013-05-08,3.805,TSLA
725,2013-05-09,4.8106,TSLA
726,2013-05-10,5.366,TSLA
727,2013-05-13,6.1459,TSLA
728,2013-05-14,5.6335,TSLA
729,2013-05-15,5.8416,TSLA
730,2013-05-16,6.1935,TSLA
731,2013-05-17,6.4,TSLA
732,2013-05-20,6.242,TSLA
733,2013-05-21,5.8535,TSLA
734,2013-05-22,6.044,TSLA
735,2013-05-23,6.367,TSLA
736,2013-05-24,6.731,TSLA
737,2013-05-28,7.5772,TSLA
738,2013-05-29,7.0669,TSLA
739,2013-05-30,7.2073,TSLA
740,2013-05-31,6.6755,TSLA
741,2013-06-03,6.2897,TSLA
742,2013-06-04,6.5014,TSLA
743,2013-06-05,6.671,TSLA
744,2013-06-06,6.81,TSLA
745,2013-06-07,7.035,TSLA
746,2013-06-10,6.72,TSLA
747,2013-06-11,6.466,TSLA
748,2013-06-12,6.5642,TSLA
749,2013-06-13,6.6848,TSLA
750,2013-06-14,6.7366,TSLA
751,2013-06-17,7.0084,TSLA
752,2013-06-18,7.0686,TSLA
753,2013-06-19,7.2097,TSLA
754,2013-06-20,7.02,TSLA
755,2013-06-21,6.8522,TSLA
756,2013-06-24,6.913,TSLA
757,2013-06-25,7.1249,TSLA
758,2013-06-26,7.293,TSLA
759,2013-06-27,7.3212,TSLA
760,2013-06-28,7.2798,TSLA
761,2013-07-01,7.8644,TSLA
762,2013-07-02,8.2343,TSLA
763,2013-07-03,7.9605,TSLA
764,2013-07-04,7.6874,TSLA
765,2013-07-05,8.28,TSLA
766,2013-07-08,8.4444,TSLA
767,2013-07-09,8.23,TSLA
768,2013-07-10,8.4248,TSLA
769,2013-07-11,8.707,TSLA
770,2013-07-12,8.8,TSLA
771,2013-07-15,8.882,TSLA
772,2013-07-16,7.4,TSLA
773,2013-07-17,8.0995,TSLA
774,2013-07-18,7.9916,TSLA
775,2013-07-19,8.1656,TSLA
776,2013-07-22,8.348,TSLA
777,2013-07-23,8.3371,TSLA
778,2013-07-24,8.1263,TSLA
779,2013-07-25,8.4793,TSLA
780,2013-07-26,8.825,TSLA
781,2013-07-29,9.0559,TSLA
782,2013-07-30,8.9874,TSLA
783,2013-07-31,9.251,TSLA
784,2013-08-01,9.333,TSLA
785,2013-08-02,9.3,TSLA
786,2013-08-05,9.7765,TSLA
787,2013-08-06,9.7092,TSLA
788,2013-08-07,9.2942,TSLA
789,2013-08-08,10.455,TSLA
790,2013-08-09,10.2,TSLA
791,2013-08-12,10.2269,TSLA
792,2013-08-13,10.014,TSLA
793,2013-08-14,9.4206,TSLA
794,2013-08-15,9.6041,TSLA
795,2013-08-16,9.7746,TSLA
796,2013-08-19,9.95,TSLA
797,2013-08-20,10.435,TSLA
798,2013-08-21,10.2059,TSLA
799,2013-08-22,10.5791,TSLA
800,2013-08-23,10.8171,TSLA
801,2013-08-26,11.251,TSLA
802,2013-08-27,11.536,TSLA
803,2013-08-28,11.4594,TSLA
804,2013-08-29,11.1904,TSLA
805,2013-08-30,11.6368,TSLA
806,2013-09-03,11.3693,TSLA
807,2013-09-04,11.4507,TSLA
808,2013-09-05,11.389,TSLA
809,2013-09-06,11.4167,TSLA
810,2013-09-09,10.9909,TSLA
811,2013-09-10,11.5565,TSLA
812,2013-09-11,11.389,TSLA
813,2013-09-12,11.4429,TSLA
814,2013-09-13,11.162,TSLA
815,2013-09-16,11.5563,TSLA
816,2013-09-17,11.391,TSLA
817,2013-09-18,11.3585,TSLA
818,2013-09-19,12.0209,TSLA
819,2013-09-20,12.559,TSLA
820,2013-09-23,12.226,TSLA
821,2013-09-24,12.1701,TSLA
822,2013-09-25,12.9246,TSLA
823,2013-09-26,13.137,TSLA
824,2013-09-27,13.2733,TSLA
825,2013-09-30,13.087,TSLA
826,2013-10-01,12.9341,TSLA
827,2013-10-02,12.4439,TSLA
828,2013-10-03,11.572,TSLA
829,2013-10-04,12.3976,TSLA
830,2013-10-07,12.4302,TSLA
831,2013-10-08,11.9548,TSLA
832,2013-10-09,11.81,TSLA
833,2013-10-10,11.567,TSLA
834,2013-10-11,12.2513,TSLA
835,2013-10-14,12.5528,TSLA
836,2013-10-15,12.7398,TSLA
837,2013-10-16,12.76,TSLA
838,2013-10-17,12.6731,TSLA
839,2013-10-18,12.778,TSLA
840,2013-10-21,12.0593,TSLA
841,2013-10-22,11.785,TSLA
842,2013-10-23,11.3983,TSLA
843,2013-10-24,11.8298,TSLA
844,2013-10-25,11.5275,TSLA
845,2013-10-28,11.0092,TSLA
846,2013-10-29,10.9764,TSLA
847,2013-10-30,10.794,TSLA
848,2013-10-31,11.1706,TSLA
849,2013-11-01,11.3303,TSLA
850,2013-11-04,11.84,TSLA
851,2013-11-05,12.0276,TSLA
852,2013-11-06,10.3043,TSLA
853,2013-11-07,9.5678,TSLA
854,2013-11-08,9.5633,TSLA
855,2013-11-11,10.0325,TSLA
856,2013-11-12,9.5873,TSLA
857,2013-11-13,9.4755,TSLA
858,2013-11-14,9.1832,TSLA
859,2013-11-15,9.3,TSLA
860,2013-11-18,8.4907,TSLA
861,2013-11-19,8.668,TSLA
862,2013-11-20,8.232,TSLA
863,2013-11-21,8.14,TSLA
864,2013-11-22,8.115,TSLA
865,2013-11-25,8.288,TSLA
866,2013-11-26,8.3346,TSLA
867,2013-11-27,8.7616,TSLA
868,2013-11-29,8.673,TSLA
869,2013-12-02,8.411,TSLA
870,2013-12-03,10.0129,TSLA
871,2013-12-04,9.3839,TSLA
872,2013-12-05,9.6596,TSLA
873,2013-12-06,9.1763,TSLA
874,2013-12-09,9.61,TSLA
875,2013-12-10,9.6453,TSLA
876,2013-12-11,9.4,TSLA
877,2013-12-12,10.1452,TSLA
878,2013-12-13,10.0176,TSLA
879,2013-12-16,10.1401,TSLA
880,2013-12-17,10.567,TSLA
881,2013-12-18,10.0281,TSLA
882,2013-12-19,9.509,TSLA
883,2013-12-20,9.9625,TSLA
884,2013-12-23,9.6,TSLA
885,2013-12-24,10.597,TSLA
886,2013-12-26,10.6462,TSLA
887,2013-12-27,10.4517,TSLA
888,2013-12-30,10.3824,TSLA
889,2013-12-31,10.2851,TSLA
890,2014-01-02,10.4277,TSLA
891,2014-01-03,10.3718,TSLA
892,2014-01-06,9.9,TSLA
893,2014-01-07,10.1,TSLA
894,2014-01-08,10.3884,TSLA
895,2014-01-09,9.9495,TSLA
896,2014-01-10,10.1984,TSLA
897,2014-01-13,9.7402,TSLA
898,2014-01-14,11.247,TSLA
899,2014-01-15,11.173,TSLA
900,2014-01-16,11.598,TSLA
901,2014-01-17,11.633,TSLA
902,2014-01-21,11.9724,TSLA
903,2014-01-22,12.021,TSLA
904,2014-01-23,12.2,TSLA
905,2014-01-24,11.77,TSLA
906,2014-01-27,11.861,TSLA
907,2014-01-28,12.324,TSLA
908,2014-01-29,12.185,TSLA
909,2014-01-30,12.4611,TSLA
910,2014-01-31,12.382,TSLA
911,2014-02-03,12.25,TSLA
912,2014-02-04,12.1892,TSLA
913,2014-02-05,11.876,TSLA
914,2014-02-06,12.134,TSLA
915,2014-02-07,12.8832,TSLA
916,2014-02-10,13.305,TSLA
917,2014-02-11,13.356,TSLA
918,2014-02-12,13.2404,TSLA
919,2014-02-13,13.8757,TSLA
920,2014-02-14,13.5413,TSLA
921,2014-02-18,13.67,TSLA
922,2014-02-19,13.0499,TSLA
923,2014-02-20,14.046,TSLA
924,2014-02-21,14.4785,TSLA
925,2014-02-24,14.55,TSLA
926,2014-02-25,17.1529,TSLA
927,2014-02-26,17.2457,TSLA
928,2014-02-27,17.489,TSLA
929,2014-02-28,16.7906,TSLA
930,2014-03-03,17.298,TSLA
931,2014-03-04,17.3319,TSLA
932,2014-03-05,17.081,TSLA
933,2014-03-06,17.3851,TSLA
934,2014-03-07,17.172,TSLA
935,2014-03-10,16.637,TSLA
936,2014-03-11,16.1563,TSLA
937,2014-03-12,16.3137,TSLA
938,2014-03-13,16.0999,TSLA
939,2014-03-14,15.928,TSLA
940,2014-03-17,16.1676,TSLA
941,2014-03-18,16.1288,TSLA
942,2014-03-19,16.1,TSLA
943,2014-03-20,16.3675,TSLA
944,2014-03-21,15.8623,TSLA
945,2014-03-24,15.187,TSLA
946,2014-03-25,14.932,TSLA
947,2014-03-26,14.8408,TSLA
948,2014-03-27,14.2053,TSLA
949,2014-03-28,14.486,TSLA
950,2014-03-31,14.2225,TSLA
951,2014-04-01,14.6944,TSLA
952,2014-04-02,15.6813,TSLA
953,2014-04-03,15.1382,TSLA
954,2014-04-04,14.5477,TSLA
955,2014-04-07,14.5116,TSLA
956,2014-04-08,14.516,TSLA
957,2014-04-09,14.998,TSLA
958,2014-04-10,14.0141,TSLA
959,2014-04-11,13.5969,TSLA
960,2014-04-14,13.233,TSLA
961,2014-04-15,13.1862,TSLA
962,2014-04-16,13.691,TSLA
963,2014-04-17,13.575,TSLA
964,2014-04-21,13.878,TSLA
965,2014-04-22,14.762,TSLA
966,2014-04-23,14.159,TSLA
967,2014-04-24,13.9352,TSLA
968,2014-04-25,13.9174,TSLA
969,2014-04-28,13.826,TSLA
970,2014-04-29,14.4428,TSLA
971,2014-04-30,14.22,TSLA
972,2014-05-01,14.1203,TSLA
973,2014-05-02,14.7271,TSLA
974,2014-05-05,15.1483,TSLA
975,2014-05-06,14.4461,TSLA
976,2014-05-07,13.9425,TSLA
977,2014-05-08,12.225,TSLA
978,2014-05-09,12.4032,TSLA
979,2014-05-12,12.7517,TSLA
980,2014-05-13,12.7693,TSLA
981,2014-05-14,12.855,TSLA
982,2014-05-15,12.7398,TSLA
983,2014-05-16,12.97,TSLA
984,2014-05-19,13.2924,TSLA
985,2014-05-20,13.4,TSLA
986,2014-05-21,13.7236,TSLA
987,2014-05-22,14.2741,TSLA
988,2014-05-23,13.95,TSLA
989,2014-05-27,14.754,TSLA
990,2014-05-28,14.569,TSLA
991,2014-05-29,14.621,TSLA
992,2014-05-30,13.9974,TSLA
993,2014-06-02,14.171,TSLA
994,2014-06-03,14.3326,TSLA
995,2014-06-04,14.1692,TSLA
996,2014-06-05,13.9191,TSLA
997,2014-06-06,14.2243,TSLA
998,2014-06-09,14.3369,TSLA
999,2014-06-10,13.8031,TSLA
1000,2014-06-11,13.8875,TSLA
1001,2014-06-12,14.017,TSLA
1002,2014-06-13,14.3882,TSLA
1003,2014-06-16,15.36,TSLA
1004,2014-06-17,15.8536,TSLA
1005,2014-06-18,15.182,TSLA
1006,2014-06-19,15.926,TSLA
1007,2014-06-20,15.648,TSLA
1008,2014-06-23,16.4328,TSLA
1009,2014-06-24,16.0,TSLA
1010,2014-06-25,15.9354,TSLA
1011,2014-06-26,16.0251,TSLA
1012,2014-06-27,16.3197,TSLA
1013,2014-06-30,16.386,TSLA
1014,2014-07-01,16.1729,TSLA
1015,2014-07-02,15.765,TSLA
1016,2014-07-03,15.9439,TSLA
1017,2014-07-07,15.354,TSLA
1018,2014-07-08,14.7139,TSLA
1019,2014-07-09,15.0656,TSLA
1020,2014-07-10,14.8884,TSLA
1021,2014-07-11,15.213,TSLA
1022,2014-07-14,15.6164,TSLA
1023,2014-07-15,14.77,TSLA
1024,2014-07-16,14.7218,TSLA
1025,2014-07-17,15.06,TSLA
1026,2014-07-18,15.052,TSLA
1027,2014-07-21,15.274,TSLA
1028,2014-07-22,14.8971,TSLA
1029,2014-07-23,15.2089,TSLA
1030,2014-07-24,15.4863,TSLA
1031,2014-07-25,15.1677,TSLA
1032,2014-07-28,15.564,TSLA
1033,2014-07-29,15.4901,TSLA
1034,2014-07-30,15.7457,TSLA
1035,2014-07-31,15.5897,TSLA
1036,2014-08-01,15.9587,TSLA
1037,2014-08-04,15.9634,TSLA
1038,2014-08-05,16.1133,TSLA
1039,2014-08-06,17.0728,TSLA
1040,2014-08-07,17.631,TSLA
1041,2014-08-08,17.27,TSLA
1042,2014-08-11,17.65,TSLA
1043,2014-08-12,17.568,TSLA
1044,2014-08-13,17.481,TSLA
1045,2014-08-14,17.7397,TSLA
1046,2014-08-15,17.7608,TSLA
1047,2014-08-18,18.1476,TSLA
1048,2014-08-19,17.345,TSLA
1049,2014-08-20,17.6761,TSLA
1050,2014-08-21,17.774,TSLA
1051,2014-08-22,17.3441,TSLA
1052,2014-08-25,17.6619,TSLA
1053,2014-08-26,18.1911,TSLA
1054,2014-08-27,18.17,TSLA
1055,2014-08-28,18.3052,TSLA
1056,2014-08-29,18.39,TSLA
1057,2014-09-01,18.77,TSLA
1058,2014-09-02,19.8223,TSLA
1059,2014-09-03,19.191,TSLA
1060,2014-09-04,19.1752,TSLA
1061,2014-09-05,19.2676,TSLA
1062,2014-09-08,18.8875,TSLA
1063,2014-09-09,19.1075,TSLA
1064,2014-09-10,19.46,TSLA
1065,2014-09-11,19.4541,TSLA
1066,2014-09-12,18.632,TSLA
1067,2014-09-15,17.725,TSLA
1068,2014-09-16,17.6445,TSLA
1069,2014-09-17,18.0206,TSLA
1070,2014-09-18,18.235,TSLA
1071,2014-09-19,18.104,TSLA
1072,2014-09-22,17.39,TSLA
1073,2014-09-23,17.376,TSLA
1074,2014-09-24,17.6466,TSLA
1075,2014-09-25,16.9699,TSLA
1076,2014-09-26,17.22,TSLA
1077,2014-09-29,16.5742,TSLA
1078,2014-09-30,16.8176,TSLA
1079,2014-10-01,16.736,TSLA
1080,2014-10-02,16.8806,TSLA
1081,2014-10-03,17.717,TSLA
1082,2014-10-06,17.505,TSLA
1083,2014-10-07,17.3273,TSLA
1084,2014-10-08,17.5919,TSLA
1085,2014-10-09,17.383,TSLA
1086,2014-10-10,15.973,TSLA
1087,2014-10-13,15.0931,TSLA
1088,2014-10-14,15.5418,TSLA
1089,2014-10-15,16.0733,TSLA
1090,2014-10-16,15.65,TSLA
1091,2014-10-17,15.7373,TSLA
1092,2014-10-20,15.6665,TSLA
1093,2014-10-21,16.4341,TSLA
1094,2014-10-22,15.781,TSLA
1095,2014-10-23,16.085,TSLA
1096,2014-10-24,16.076,TSLA
1097,2014-10-27,14.829,TSLA
1098,2014-10-28,16.3936,TSLA
1099,2014-10-29,16.2165,TSLA
1100,2014-10-30,16.4343,TSLA
1101,2014-10-31,16.1987,TSLA
1102,2014-11-03,16.2197,TSLA
1103,2014-11-04,16.5524,TSLA
1104,2014-11-05,15.819,TSLA
1105,2014-11-06,16.2294,TSLA
1106,2014-11-07,16.4451,TSLA
1107,2014-11-10,16.3329,TSLA
1108,2014-11-11,17.0722,TSLA
1109,2014-11-12,17.2844,TSLA
1110,2014-11-13,17.08,TSLA
1111,2014-11-14,17.8393,TSLA
1112,2014-11-17,17.049,TSLA
1113,2014-11-18,17.38,TSLA
1114,2014-11-19,16.559,TSLA
1115,2014-11-20,17.1927,TSLA
1116,2014-11-21,16.8622,TSLA
1117,2014-11-24,17.113,TSLA
1118,2014-11-25,17.137,TSLA
1119,2014-11-26,17.1387,TSLA
1120,2014-11-27,17.0061,TSLA
1121,2014-11-28,16.7323,TSLA
1122,2014-12-01,15.8536,TSLA
1123,2014-12-02,15.5438,TSLA
1124,2014-12-03,15.5333,TSLA
1125,2014-12-04,15.8633,TSLA
1126,2014-12-05,15.444,TSLA
1127,2014-12-08,14.8164,TSLA
1128,2014-12-09,14.9066,TSLA
1129,2014-12-10,14.669,TSLA
1130,2014-12-11,14.5551,TSLA
1131,2014-12-12,14.1,TSLA
1132,2014-12-15,13.9829,TSLA
1133,2014-12-16,13.3557,TSLA
1134,2014-12-17,13.863,TSLA
1135,2014-12-18,15.1426,TSLA
1136,2014-12-19,15.2582,TSLA
1137,2014-12-22,14.84,TSLA
1138,2014-12-23,14.7731,TSLA
1139,2014-12-24,14.9052,TSLA
1140,2014-12-26,15.827,TSLA
1141,2014-12-29,15.6571,TSLA
1142,2014-12-30,15.3547,TSLA
1143,2014-12-31,14.9562,TSLA
1144,2015-01-02,15.0669,TSLA
1145,2015-01-05,14.234,TSLA
1146,2015-01-06,14.2113,TSLA
1147,2015-01-07,14.692,TSLA
1148,2015-01-08,14.618,TSLA
1149,2015-01-09,14.2168,TSLA
1150,2015-01-12,14.147,TSLA
1151,2015-01-13,14.2972,TSLA
1152,2015-01-14,13.435,TSLA
1153,2015-01-15,12.9091,TSLA
1154,2015-01-16,12.919,TSLA
1155,2015-01-20,12.9675,TSLA
1156,2015-01-21,13.3042,TSLA
1157,2015-01-22,13.6784,TSLA
1158,2015-01-23,13.7353,TSLA
1159,2015-01-26,14.24,TSLA
1160,2015-01-27,14.185,TSLA
1161,2015-01-28,13.393,TSLA
1162,2015-01-29,14.0,TSLA
1163,2015-01-30,13.8612,TSLA
1164,2015-02-02,14.69,TSLA
1165,2015-02-03,14.9959,TSLA
1166,2015-02-04,15.07,TSLA
1167,2015-02-05,15.0764,TSLA
1168,2015-02-06,15.1391,TSLA
1169,2015-02-09,14.5251,TSLA
1170,2015-02-10,14.9929,TSLA
1171,2015-02-11,14.3605,TSLA
1172,2015-02-12,13.6711,TSLA
1173,2015-02-13,13.7503,TSLA
1174,2015-02-17,13.6902,TSLA
1175,2015-02-18,13.7318,TSLA
1176,2015-02-19,14.2186,TSLA
1177,2015-02-20,14.701,TSLA
1178,2015-02-23,14.0071,TSLA
1179,2015-02-24,13.7418,TSLA
1180,2015-02-25,13.963,TSLA
1181,2015-02-26,14.3287,TSLA
1182,2015-02-27,14.001,TSLA
1183,2015-03-02,13.321,TSLA
1184,2015-03-03,13.534,TSLA
1185,2015-03-04,13.7013,TSLA
1186,2015-03-05,13.5259,TSLA
1187,2015-03-06,13.3585,TSLA
1188,2015-03-09,13.2887,TSLA
1189,2015-03-10,13.168,TSLA
1190,2015-03-11,13.074,TSLA
1191,2015-03-12,12.892,TSLA
1192,2015-03-13,13.1641,TSLA
1193,2015-03-16,13.0997,TSLA
1194,2015-03-17,13.399,TSLA
1195,2015-03-18,13.4423,TSLA
1196,2015-03-19,13.3448,TSLA
1197,2015-03-20,13.7955,TSLA
1198,2015-03-23,13.9139,TSLA
1199,2015-03-24,13.986,TSLA
1200,2015-03-25,13.3201,TSLA
1201,2015-03-26,13.3057,TSLA
1202,2015-03-27,12.7389,TSLA
1203,2015-03-30,12.8733,TSLA
1204,2015-03-31,12.8327,TSLA
1205,2015-04-01,13.034,TSLA
1206,2015-04-02,13.06,TSLA
1207,2015-04-06,13.68,TSLA
1208,2015-04-07,13.68,TSLA
1209,2015-04-08,14.0389,TSLA
1210,2015-04-09,14.446,TSLA
1211,2015-04-10,14.18,TSLA
1212,2015-04-13,14.4745,TSLA
1213,2015-04-14,13.8953,TSLA
1214,2015-04-15,14.1305,TSLA
1215,2015-04-16,14.32,TSLA
1216,2015-04-17,14.303,TSLA
1217,2015-04-20,14.2434,TSLA
1218,2015-04-21,14.6355,TSLA
1219,2015-04-22,14.9785,TSLA
1220,2015-04-23,14.8718,TSLA
1221,2015-04-24,14.6214,TSLA
1222,2015-04-27,15.5673,TSLA
1223,2015-04-28,15.389,TSLA
1224,2015-04-29,15.5387,TSLA
1225,2015-04-30,15.47,TSLA
1226,2015-05-01,15.4515,TSLA
1227,2015-05-04,16.02,TSLA
1228,2015-05-05,15.83,TSLA
1229,2015-05-06,15.504,TSLA
1230,2015-05-07,16.4877,TSLA
1231,2015-05-08,15.896,TSLA
1232,2015-05-11,15.968,TSLA
1233,2015-05-12,17.023,TSLA
1234,2015-05-13,16.534,TSLA
1235,2015-05-14,17.009,TSLA
1236,2015-05-15,17.237,TSLA
1237,2015-05-18,16.9504,TSLA
1238,2015-05-19,17.226,TSLA
1239,2015-05-20,16.3,TSLA
1240,2015-05-21,16.5471,TSLA
1241,2015-05-22,16.52,TSLA
1242,2015-05-26,17.189,TSLA
1243,2015-05-27,16.6681,TSLA
1244,2015-05-28,17.2395,TSLA
1245,2015-05-29,17.39,TSLA
1246,2015-06-01,16.76,TSLA
1247,2015-06-02,16.8746,TSLA
1248,2015-06-03,17.0189,TSLA
1249,2015-06-04,16.8296,TSLA
1250,2015-06-05,17.1838,TSLA
1251,2015-06-08,17.291,TSLA
1252,2015-06-09,17.1324,TSLA
1253,2015-06-10,17.405,TSLA
1254,2015-06-11,17.2901,TSLA
1255,2015-06-12,16.8196,TSLA
1256,2015-06-15,16.896,TSLA
1257,2015-06-16,17.0555,TSLA
1258,2015-06-17,17.9649,TSLA
1259,2015-06-18,18.0901,TSLA
1260,2015-06-19,18.1308,TSLA
1261,2015-06-22,17.8208,TSLA
1262,2015-06-23,17.9702,TSLA
1263,2015-06-24,18.28,TSLA
1264,2015-06-25,18.6047,TSLA
1265,2015-06-26,17.852,TSLA
1266,2015-06-29,17.949,TSLA
1267,2015-06-30,18.023,TSLA
1268,2015-07-01,17.9954,TSLA
1269,2015-07-02,19.236,TSLA
1270,2015-07-06,19.01,TSLA
1271,2015-07-07,18.3985,TSLA
1272,2015-07-08,17.0089,TSLA
1273,2015-07-09,17.7914,TSLA
1274,2015-07-10,17.9376,TSLA
1275,2015-07-13,17.8486,TSLA
1276,2015-07-14,18.01,TSLA
1277,2015-07-15,18.0694,TSLA
1278,2015-07-16,18.5783,TSLA
1279,2015-07-17,18.6912,TSLA
1280,2015-07-20,19.1053,TSLA
1281,2015-07-21,18.5203,TSLA
1282,2015-07-22,18.03,TSLA
1283,2015-07-23,18.3331,TSLA
1284,2015-07-24,17.852,TSLA
1285,2015-07-27,17.413,TSLA
1286,2015-07-28,18.3376,TSLA
1287,2015-07-29,17.729,TSLA
1288,2015-07-30,17.789,TSLA
1289,2015-07-31,17.7591,TSLA
1290,2015-08-03,17.5488,TSLA
1291,2015-08-04,18.143,TSLA
1292,2015-08-05,18.1713,TSLA
1293,2015-08-06,17.2206,TSLA
1294,2015-08-07,16.3258,TSLA
1295,2015-08-10,16.311,TSLA
1296,2015-08-11,15.8543,TSLA
1297,2015-08-12,16.504,TSLA
1298,2015-08-13,16.2705,TSLA
1299,2015-08-14,16.87,TSLA
1300,2015-08-17,17.325,TSLA
1301,2015-08-18,17.8965,TSLA
1302,2015-08-19,17.0651,TSLA
1303,2015-08-20,16.1802,TSLA
1304,2015-08-21,15.7507,TSLA
1305,2015-08-24,14.7714,TSLA
1306,2015-08-25,14.9233,TSLA
1307,2015-08-26,15.1201,TSLA
1308,2015-08-27,16.4433,TSLA
1309,2015-08-28,17.1091,TSLA
1310,2015-08-31,16.641,TSLA
1311,2015-09-01,16.6117,TSLA
1312,2015-09-02,16.9518,TSLA
1313,2015-09-03,16.7722,TSLA
1314,2015-09-04,16.4218,TSLA
1315,2015-09-08,17.2228,TSLA
1316,2015-09-09,16.717,TSLA
1317,2015-09-10,17.2617,TSLA
1318,2015-09-11,17.2627,TSLA
1319,2015-09-14,17.0906,TSLA
1320,2015-09-15,17.5131,TSLA
1321,2015-09-16,17.9558,TSLA
1322,2015-09-17,18.1184,TSLA
1323,2015-09-18,17.4352,TSLA
1324,2015-09-21,18.0685,TSLA
1325,2015-09-22,17.6,TSLA
1326,2015-09-23,17.67,TSLA
1327,2015-09-24,18.1013,TSLA
1328,2015-09-25,17.916,TSLA
1329,2015-09-28,16.663,TSLA
1330,2015-09-29,17.0843,TSLA
1331,2015-09-30,17.21,TSLA
1332,2015-10-01,16.293,TSLA
1333,2015-10-02,16.8458,TSLA
1334,2015-10-05,16.64,TSLA
1335,2015-10-06,16.7157,TSLA
1336,2015-10-07,16.007,TSLA
1337,2015-10-08,15.4934,TSLA
1338,2015-10-09,14.9043,TSLA
1339,2015-10-12,14.567,TSLA
1340,2015-10-13,14.7802,TSLA
1341,2015-10-14,15.0983,TSLA
1342,2015-10-15,15.283,TSLA
1343,2015-10-16,15.851,TSLA
1344,2015-10-19,15.6138,TSLA
1345,2015-10-20,14.428,TSLA
1346,2015-10-21,14.282,TSLA
1347,2015-10-22,14.2257,TSLA
1348,2015-10-23,14.2849,TSLA
1349,2015-10-26,14.6808,TSLA
1350,2015-10-27,14.1211,TSLA
1351,2015-10-28,14.444,TSLA
1352,2015-10-29,14.6191,TSLA
1353,2015-10-30,14.0694,TSLA
1354,2015-11-02,14.9406,TSLA
1355,2015-11-03,14.11,TSLA
1356,2015-11-04,15.544,TSLA
1357,2015-11-05,15.5698,TSLA
1358,2015-11-06,15.7218,TSLA
1359,2015-11-09,15.074,TSLA
1360,2015-11-10,15.1354,TSLA
1361,2015-11-11,14.8765,TSLA
1362,2015-11-12,14.571,TSLA
1363,2015-11-13,14.1828,TSLA
1364,2015-11-16,15.0015,TSLA
1365,2015-11-17,14.4936,TSLA
1366,2015-11-18,15.074,TSLA
1367,2015-11-19,15.0587,TSLA
1368,2015-11-20,14.9828,TSLA
1369,2015-11-23,15.0756,TSLA
1370,2015-11-24,15.16,TSLA
1371,2015-11-25,15.6377,TSLA
1372,2015-11-27,15.6342,TSLA
1373,2015-11-30,15.9432,TSLA
1374,2015-12-01,16.0275,TSLA
1375,2015-12-02,15.766,TSLA
1376,2015-12-03,16.129,TSLA
1377,2015-12-04,15.9246,TSLA
1378,2015-12-07,15.6201,TSLA
1379,2015-12-08,15.8273,TSLA
1380,2015-12-09,15.458,TSLA
1381,2015-12-10,15.565,TSLA
1382,2015-12-11,14.594,TSLA
1383,2015-12-14,14.711,TSLA
1384,2015-12-15,15.2365,TSLA
1385,2015-12-16,16.363,TSLA
1386,2015-12-17,15.8509,TSLA
1387,2015-12-18,15.686,TSLA
1388,2015-12-21,15.896,TSLA
1389,2015-12-22,15.79,TSLA
1390,2015-12-23,15.4158,TSLA
1391,2015-12-24,15.9815,TSLA
1392,2015-12-28,15.8707,TSLA
1393,2015-12-29,16.0736,TSLA
1394,2015-12-30,15.9478,TSLA
1395,2015-12-31,16.421,TSLA
1396,2016-01-04,15.552,TSLA
1397,2016-01-05,15.0102,TSLA
1398,2016-01-06,15.1868,TSLA
1399,2016-01-07,14.6019,TSLA
1400,2016-01-08,14.596,TSLA
1401,2016-01-11,14.4712,TSLA
1402,2016-01-12,14.03,TSLA
1403,2016-01-13,13.629,TSLA
1404,2016-01-14,14.326,TSLA
1405,2016-01-15,13.862,TSLA
1406,2016-01-19,13.775,TSLA
1407,2016-01-20,13.7027,TSLA
1408,2016-01-21,13.9594,TSLA
1409,2016-01-22,13.744,TSLA
1410,2016-01-25,13.28,TSLA
1411,2016-01-26,13.239,TSLA
1412,2016-01-27,13.113,TSLA
1413,2016-01-28,12.6483,TSLA
1414,2016-01-29,13.3152,TSLA
1415,2016-02-01,13.4419,TSLA
1416,2016-02-02,12.3406,TSLA
1417,2016-02-03,11.9115,TSLA
1418,2016-02-04,11.9875,TSLA
1419,2016-02-05,10.93,TSLA
1420,2016-02-08,10.329,TSLA
1421,2016-02-09,10.0966,TSLA
1422,2016-02-10,9.634,TSLA
1423,2016-02-11,10.1997,TSLA
1424,2016-02-12,10.5061,TSLA
1425,2016-02-16,10.4481,TSLA
1426,2016-02-17,11.4786,TSLA
1427,2016-02-18,11.381,TSLA
1428,2016-02-19,11.5487,TSLA
1429,2016-02-22,12.3255,TSLA
1430,2016-02-23,12.062,TSLA
1431,2016-02-24,12.2539,TSLA
1432,2016-02-25,13.0915,TSLA
1433,2016-02-26,12.9059,TSLA
1434,2016-02-29,12.8333,TSLA
1435,2016-03-01,12.4719,TSLA
1436,2016-03-02,13.027,TSLA
1437,2016-03-03,13.1712,TSLA
1438,2016-03-04,13.5718,TSLA
1439,2016-03-07,14.029,TSLA
1440,2016-03-08,13.5809,TSLA
1441,2016-03-09,14.5068,TSLA
1442,2016-03-10,13.9682,TSLA
1443,2016-03-11,13.9138,TSLA
1444,2016-03-14,14.595,TSLA
1445,2016-03-15,14.664,TSLA
1446,2016-03-16,15.4466,TSLA
1447,2016-03-17,15.524,TSLA
1448,2016-03-18,15.722,TSLA
1449,2016-03-21,16.613,TSLA
1450,2016-03-22,16.333,TSLA
1451,2016-03-23,15.2915,TSLA
1452,2016-03-24,15.2862,TSLA
1453,2016-03-28,15.7135,TSLA
1454,2016-03-29,15.649,TSLA
1455,2016-03-30,15.445,TSLA
1456,2016-03-31,15.924,TSLA
1457,2016-04-01,16.3767,TSLA
1458,2016-04-04,17.016,TSLA
1459,2016-04-05,17.0582,TSLA
1460,2016-04-06,17.7544,TSLA
1461,2016-04-07,17.5924,TSLA
1462,2016-04-08,16.6726,TSLA
1463,2016-04-11,17.4582,TSLA
1464,2016-04-12,16.8623,TSLA
1465,2016-04-13,17.1683,TSLA
1466,2016-04-14,16.8992,TSLA
1467,2016-04-15,17.5479,TSLA
1468,2016-04-18,17.1818,TSLA
1469,2016-04-19,17.0663,TSLA
1470,2016-04-20,16.6663,TSLA
1471,2016-04-21,17.233,TSLA
1472,2016-04-22,17.1653,TSLA
1473,2016-04-25,17.308,TSLA
1474,2016-04-26,17.449,TSLA
1475,2016-04-27,17.1294,TSLA
1476,2016-04-28,16.545,TSLA
1477,2016-04-29,16.3833,TSLA
1478,2016-05-02,16.91,TSLA
1479,2016-05-03,16.164,TSLA
1480,2016-05-04,14.9805,TSLA
1481,2016-05-05,14.395,TSLA
1482,2016-05-06,14.3495,TSLA
1483,2016-05-09,14.245,TSLA
1484,2016-05-10,14.3059,TSLA
1485,2016-05-11,14.293,TSLA
1486,2016-05-12,14.2407,TSLA
1487,2016-05-13,14.0874,TSLA
1488,2016-05-16,14.071,TSLA
1489,2016-05-17,13.998,TSLA
1490,2016-05-18,14.087,TSLA
1491,2016-05-19,14.7829,TSLA
1492,2016-05-20,14.8951,TSLA
1493,2016-05-23,14.4846,TSLA
1494,2016-05-24,14.5941,TSLA
1495,2016-05-25,15.1282,TSLA
1496,2016-05-26,15.01,TSLA
1497,2016-05-27,15.1649,TSLA
1498,2016-05-31,15.071,TSLA
1499,2016-06-01,14.7276,TSLA
1500,2016-06-02,14.7045,TSLA
1501,2016-06-03,15.1697,TSLA
1502,2016-06-06,15.094,TSLA
1503,2016-06-07,15.5933,TSLA
1504,2016-06-08,16.3744,TSLA
1505,2016-06-09,15.3998,TSLA
1506,2016-06-10,14.917,TSLA
1507,2016-06-13,14.6685,TSLA
1508,2016-06-14,14.7332,TSLA
1509,2016-06-15,15.1185,TSLA
1510,2016-06-16,14.8978,TSLA
1511,2016-06-17,14.5763,TSLA
1512,2016-06-20,14.9589,TSLA
1513,2016-06-21,14.643,TSLA
1514,2016-06-22,13.235,TSLA
1515,2016-06-23,13.3664,TSLA
1516,2016-06-24,12.9293,TSLA
1517,2016-06-27,13.8189,TSLA
1518,2016-06-28,14.0003,TSLA
1519,2016-06-29,14.6205,TSLA
1520,2016-06-30,14.205,TSLA
1521,2016-07-01,14.4456,TSLA
1522,2016-07-05,14.7033,TSLA
1523,2016-07-06,14.718,TSLA
1524,2016-07-07,15.015,TSLA
1525,2016-07-08,14.627,TSLA
1526,2016-07-11,15.7137,TSLA
1527,2016-07-12,15.153,TSLA
1528,2016-07-13,15.3076,TSLA
1529,2016-07-14,15.2392,TSLA
1530,2016-07-15,14.719,TSLA
1531,2016-07-18,15.2873,TSLA
1532,2016-07-19,15.4278,TSLA
1533,2016-07-20,15.973,TSLA
1534,2016-07-21,15.3,TSLA
1535,2016-07-22,15.083,TSLA
1536,2016-07-25,15.839,TSLA
1537,2016-07-26,15.5201,TSLA
1538,2016-07-27,15.4525,TSLA
1539,2016-07-28,15.377,TSLA
1540,2016-07-29,15.8789,TSLA
1541,2016-08-01,15.544,TSLA
1542,2016-08-02,15.6892,TSLA
1543,2016-08-03,15.5424,TSLA
1544,2016-08-04,15.567,TSLA
1545,2016-08-05,15.4063,TSLA
1546,2016-08-08,15.6875,TSLA
1547,2016-08-09,15.867,TSLA
1548,2016-08-10,15.6033,TSLA
1549,2016-08-11,15.071,TSLA
1550,2016-08-12,15.4727,TSLA
1551,2016-08-15,15.7599,TSLA
1552,2016-08-16,14.9825,TSLA
1553,2016-08-17,15.4572,TSLA
1554,2016-08-18,15.466,TSLA
1555,2016-08-19,15.0,TSLA
1556,2016-08-22,15.181,TSLA
1557,2016-08-23,15.5372,TSLA
1558,2016-08-24,15.042,TSLA
1559,2016-08-25,15.3219,TSLA
1560,2016-08-26,15.18,TSLA
1561,2016-08-29,14.5277,TSLA
1562,2016-08-30,14.1185,TSLA
1563,2016-08-31,14.347,TSLA
1564,2016-09-01,13.8489,TSLA
1565,2016-09-02,13.7945,TSLA
1566,2016-09-06,14.102,TSLA
1567,2016-09-07,13.9409,TSLA
1568,2016-09-08,13.5664,TSLA
1569,2016-09-09,13.2915,TSLA
1570,2016-09-12,13.3,TSLA
1571,2016-09-13,13.48,TSLA
1572,2016-09-14,13.547,TSLA
1573,2016-09-15,13.8211,TSLA
1574,2016-09-16,14.255,TSLA
1575,2016-09-19,13.863,TSLA
1576,2016-09-20,14.1646,TSLA
1577,2016-09-21,14.1106,TSLA
1578,2016-09-22,14.2,TSLA
1579,2016-09-23,14.28,TSLA
1580,2016-09-26,14.5375,TSLA
1581,2016-09-27,13.8296,TSLA
1582,2016-09-28,13.8561,TSLA
1583,2016-09-29,13.96,TSLA
1584,2016-09-30,14.205,TSLA
1585,2016-10-03,14.6356,TSLA
1586,2016-10-04,14.244,TSLA
1587,2016-10-05,14.0356,TSLA
1588,2016-10-06,13.7,TSLA
1589,2016-10-07,13.5178,TSLA
1590,2016-10-10,13.5861,TSLA
1591,2016-10-11,13.73,TSLA
1592,2016-10-12,13.664,TSLA
1593,2016-10-13,13.6461,TSLA
1594,2016-10-14,13.1485,TSLA
1595,2016-10-17,13.344,TSLA
1596,2016-10-18,13.4621,TSLA
1597,2016-10-19,14.0877,TSLA
1598,2016-10-20,13.469,TSLA
1599,2016-10-21,13.8007,TSLA
1600,2016-10-24,14.1297,TSLA
1601,2016-10-25,13.8801,TSLA
1602,2016-10-26,14.1462,TSLA
1603,2016-10-27,14.1876,TSLA
1604,2016-10-28,13.5518,TSLA
1605,2016-10-31,13.301,TSLA
1606,2016-11-01,13.1684,TSLA
1607,2016-11-02,13.1324,TSLA
1608,2016-11-03,12.6299,TSLA
1609,2016-11-04,12.86,TSLA
1610,2016-11-07,13.1711,TSLA
1611,2016-11-08,13.024,TSLA
1612,2016-11-09,12.9692,TSLA
1613,2016-11-10,12.4577,TSLA
1614,2016-11-11,12.7218,TSLA
1615,2016-11-14,12.1321,TSLA
1616,2016-11-15,12.6112,TSLA
1617,2016-11-16,12.676,TSLA
1618,2016-11-17,13.1003,TSLA
1619,2016-11-18,12.511,TSLA
1620,2016-11-21,12.5539,TSLA
1621,2016-11-22,13.3471,TSLA
1622,2016-11-23,13.125,TSLA
1623,2016-11-25,13.49,TSLA
1624,2016-11-28,13.3268,TSLA
1625,2016-11-29,12.958,TSLA
1626,2016-11-30,12.7537,TSLA
1627,2016-12-01,12.2128,TSLA
1628,2016-12-02,12.465,TSLA
1629,2016-12-05,12.4788,TSLA
1630,2016-12-06,12.78,TSLA
1631,2016-12-07,13.1288,TSLA
1632,2016-12-08,12.9705,TSLA
1633,2016-12-09,12.909,TSLA
1634,2016-12-12,12.8613,TSLA
1635,2016-12-13,13.49,TSLA
1636,2016-12-14,13.27,TSLA
1637,2016-12-15,13.409,TSLA
1638,2016-12-16,13.8126,TSLA
1639,2016-12-19,14.1633,TSLA
1640,2016-12-20,13.98,TSLA
1641,2016-12-21,14.3057,TSLA
1642,2016-12-22,14.5235,TSLA
1643,2016-12-23,14.2424,TSLA
1644,2016-12-27,14.9007,TSLA
1645,2016-12-28,15.1439,TSLA
1646,2016-12-29,14.796,TSLA
1647,2016-12-30,14.691,TSLA
1648,2017-01-03,14.842,TSLA
1649,2017-01-04,15.7416,TSLA
1650,2017-01-05,15.7299,TSLA
1651,2017-01-06,15.8319,TSLA
1652,2017-01-09,15.4259,TSLA
1653,2017-01-10,16.0084,TSLA
1654,2017-01-11,15.5255,TSLA
1655,2017-01-12,16.062,TSLA
1656,2017-01-13,16.2,TSLA
1657,2017-01-17,15.9617,TSLA
1658,2017-01-18,16.0084,TSLA
1659,2017-01-19,16.8002,TSLA
1660,2017-01-20,16.8351,TSLA
1661,2017-01-23,16.865,TSLA
1662,2017-01-24,17.797,TSLA
1663,2017-01-25,17.4627,TSLA
1664,2017-01-26,17.643,TSLA
1665,2017-01-27,16.9925,TSLA
1666,2017-01-30,17.0062,TSLA
1667,2017-01-31,16.9974,TSLA
1668,2017-02-01,16.828,TSLA
1669,2017-02-02,16.97,TSLA
1670,2017-02-03,17.4417,TSLA
1671,2017-02-06,17.4722,TSLA
1672,2017-02-07,17.9783,TSLA
1673,2017-02-08,18.335,TSLA
1674,2017-02-09,18.5638,TSLA
1675,2017-02-10,18.369,TSLA
1676,2017-02-13,18.7676,TSLA
1677,2017-02-14,19.21,TSLA
1678,2017-02-15,19.5377,TSLA
1679,2017-02-16,18.2,TSLA
1680,2017-02-17,18.7631,TSLA
1681,2017-02-21,19.3152,TSLA
1682,2017-02-22,18.354,TSLA
1683,2017-02-23,17.76,TSLA
1684,2017-02-24,17.3163,TSLA
1685,2017-02-27,16.7093,TSLA
1686,2017-02-28,16.83,TSLA
1687,2017-03-01,17.151,TSLA
1688,2017-03-02,17.2299,TSLA
1689,2017-03-03,17.1281,TSLA
1690,2017-03-06,16.9206,TSLA
1691,2017-03-07,16.8648,TSLA
1692,2017-03-08,16.837,TSLA
1693,2017-03-09,16.8884,TSLA
1694,2017-03-10,16.566,TSLA
1695,2017-03-13,16.5756,TSLA
1696,2017-03-14,17.6,TSLA
1697,2017-03-15,17.7782,TSLA
1698,2017-03-16,17.92,TSLA
1699,2017-03-17,17.801,TSLA
1700,2017-03-20,17.9913,TSLA
1701,2017-03-21,16.849,TSLA
1702,2017-03-22,17.7757,TSLA
1703,2017-03-23,17.0017,TSLA
1704,2017-03-24,18.058,TSLA
1705,2017-03-27,18.7536,TSLA
1706,2017-03-28,19.384,TSLA
1707,2017-03-29,18.867,TSLA
1708,2017-03-30,18.723,TSLA
1709,2017-03-31,18.9974,TSLA
1710,2017-04-03,20.2453,TSLA
1711,2017-04-04,20.7938,TSLA
1712,2017-04-05,20.6025,TSLA
1713,2017-04-06,20.5099,TSLA
1714,2017-04-07,20.9917,TSLA
1715,2017-04-10,21.575,TSLA
1716,2017-04-11,21.2067,TSLA
1717,2017-04-12,19.8346,TSLA
1718,2017-04-13,21.1591,TSLA
1719,2017-04-17,20.773,TSLA
1720,2017-04-18,20.4957,TSLA
1721,2017-04-19,20.905,TSLA
1722,2017-04-20,20.9949,TSLA
1723,2017-04-21,20.4707,TSLA
1724,2017-04-24,21.3681,TSLA
1725,2017-04-25,21.3415,TSLA
1726,2017-04-26,20.886,TSLA
1727,2017-04-27,21.4529,TSLA
1728,2017-04-28,21.474,TSLA
1729,2017-05-01,21.625,TSLA
1730,2017-05-02,21.3452,TSLA
1731,2017-05-03,21.5152,TSLA
1732,2017-05-04,20.456,TSLA
1733,2017-05-05,21.1118,TSLA
1734,2017-05-08,21.0806,TSLA
1735,2017-05-09,21.6213,TSLA
1736,2017-05-10,22.2233,TSLA
1737,2017-05-11,22.08,TSLA
1738,2017-05-12,22.455,TSLA
1739,2017-05-15,21.6118,TSLA
1740,2017-05-16,21.324,TSLA
1741,2017-05-17,20.4184,TSLA
1742,2017-05-18,21.2404,TSLA
1743,2017-05-19,20.972,TSLA
1744,2017-05-22,20.98,TSLA
1745,2017-05-23,20.7294,TSLA
1746,2017-05-24,20.9031,TSLA
1747,2017-05-25,21.945,TSLA
1748,2017-05-26,22.751,TSLA
1749,2017-05-30,23.26,TSLA
1750,2017-05-31,22.857,TSLA
1751,2017-06-01,23.1693,TSLA
1752,2017-06-02,23.4154,TSLA
1753,2017-06-05,23.8002,TSLA
1754,2017-06-06,24.1345,TSLA
1755,2017-06-07,24.4651,TSLA
1756,2017-06-08,25.7463,TSLA
1757,2017-06-09,24.5309,TSLA
1758,2017-06-12,24.589,TSLA
1759,2017-06-13,25.806,TSLA
1760,2017-06-14,26.0132,TSLA
1761,2017-06-15,26.0194,TSLA
1762,2017-06-16,25.93,TSLA
1763,2017-06-19,25.1078,TSLA
1764,2017-06-20,25.966,TSLA
1765,2017-06-21,25.7852,TSLA
1766,2017-06-22,26.6406,TSLA
1767,2017-06-23,26.0727,TSLA
1768,2017-06-26,25.264,TSLA
1769,2017-06-27,24.955,TSLA
1770,2017-06-28,24.9948,TSLA
1771,2017-06-29,25.04,TSLA
1772,2017-06-30,24.4369,TSLA
1773,2017-07-03,24.229,TSLA
1774,2017-07-05,21.989,TSLA
1775,2017-07-06,20.8074,TSLA
1776,2017-07-07,21.0961,TSLA
1777,2017-07-10,21.77,TSLA
1778,2017-07-11,21.9942,TSLA
1779,2017-07-12,22.849,TSLA
1780,2017-07-13,21.8021,TSLA
1781,2017-07-14,22.928,TSLA
1782,2017-07-17,22.1944,TSLA
1783,2017-07-18,21.9094,TSLA
1784,2017-07-19,22.181,TSLA
1785,2017-07-20,22.6048,TSLA
1786,2017-07-21,22.1868,TSLA
1787,2017-07-24,23.1563,TSLA
1788,2017-07-25,23.6,TSLA
1789,2017-07-26,23.5968,TSLA
1790,2017-07-27,22.5972,TSLA
1791,2017-07-28,22.584,TSLA
1792,2017-07-31,22.1095,TSLA
1793,2017-08-01,21.815,TSLA
1794,2017-08-02,21.936,TSLA
1795,2017-08-03,23.2542,TSLA
1796,2017-08-04,24.726,TSLA
1797,2017-08-07,23.709,TSLA
1798,2017-08-08,25.412,TSLA
1799,2017-08-09,24.3532,TSLA
1800,2017-08-10,23.9801,TSLA
1801,2017-08-11,24.191,TSLA
1802,2017-08-14,24.8096,TSLA
1803,2017-08-15,24.8556,TSLA
1804,2017-08-16,24.467,TSLA
1805,2017-08-17,23.7606,TSLA
1806,2017-08-18,23.94,TSLA
1807,2017-08-21,23.267,TSLA
1808,2017-08-22,22.9922,TSLA
1809,2017-08-23,24.49,TSLA
1810,2017-08-24,23.8301,TSLA
1811,2017-08-25,23.3508,TSLA
1812,2017-08-28,23.085,TSLA
1813,2017-08-29,24.0478,TSLA
1814,2017-08-30,23.7116,TSLA
1815,2017-08-31,24.4361,TSLA
1816,2017-09-01,24.4763,TSLA
1817,2017-09-05,23.673,TSLA
1818,2017-09-06,23.1488,TSLA
1819,2017-09-07,24.256,TSLA
1820,2017-09-08,23.5519,TSLA
1821,2017-09-11,24.803,TSLA
1822,2017-09-12,24.6031,TSLA
1823,2017-09-13,25.0235,TSLA
1824,2017-09-14,25.669,TSLA
1825,2017-09-15,26.4267,TSLA
1826,2017-09-18,26.8631,TSLA
1827,2017-09-19,26.1304,TSLA
1828,2017-09-20,25.0975,TSLA
1829,2017-09-21,25.47,TSLA
1830,2017-09-22,24.074,TSLA
1831,2017-09-25,23.2899,TSLA
1832,2017-09-26,23.7854,TSLA
1833,2017-09-27,23.1413,TSLA
1834,2017-09-28,23.77,TSLA
1835,2017-09-29,22.95,TSLA
1836,2017-10-02,23.328,TSLA
1837,2017-10-03,23.7278,TSLA
1838,2017-10-04,24.736,TSLA
1839,2017-10-05,24.4465,TSLA
1840,2017-10-06,24.452,TSLA
1841,2017-10-09,23.5821,TSLA
1842,2017-10-10,24.783,TSLA
1843,2017-10-11,24.59,TSLA
1844,2017-10-12,24.742,TSLA
1845,2017-10-13,24.7907,TSLA
1846,2017-10-16,23.8613,TSLA
1847,2017-10-17,24.3046,TSLA
1848,2017-10-18,24.1631,TSLA
1849,2017-10-19,23.665,TSLA
1850,2017-10-20,23.8768,TSLA
1851,2017-10-23,22.94,TSLA
1852,2017-10-24,22.9022,TSLA
1853,2017-10-25,22.383,TSLA
1854,2017-10-26,22.6987,TSLA
1855,2017-10-27,22.1881,TSLA
1856,2017-10-30,21.9298,TSLA
1857,2017-10-31,22.67,TSLA
1858,2017-11-01,22.1153,TSLA
1859,2017-11-02,20.3121,TSLA
1860,2017-11-03,20.602,TSLA
1861,2017-11-06,20.8666,TSLA
1862,2017-11-07,21.3019,TSLA
1863,2017-11-08,21.1791,TSLA
1864,2017-11-09,20.7477,TSLA
1865,2017-11-10,20.5041,TSLA
1866,2017-11-13,21.1093,TSLA
1867,2017-11-14,21.04,TSLA
1868,2017-11-15,21.7819,TSLA
1869,2017-11-16,20.8451,TSLA
1870,2017-11-17,21.6289,TSLA
1871,2017-11-20,20.9584,TSLA
1872,2017-11-21,21.9453,TSLA
1873,2017-11-22,21.42,TSLA
1874,2017-11-24,21.8769,TSLA
1875,2017-11-27,21.754,TSLA
1876,2017-11-28,21.97,TSLA
1877,2017-11-29,21.1223,TSLA
1878,2017-11-30,21.26,TSLA
1879,2017-12-01,20.6265,TSLA
1880,2017-12-04,21.2642,TSLA
1881,2017-12-05,20.2872,TSLA
1882,2017-12-06,21.22,TSLA
1883,2017-12-07,21.038,TSLA
1884,2017-12-08,22.0059,TSLA
1885,2017-12-11,21.9536,TSLA
1886,2017-12-12,23.7691,TSLA
1887,2017-12-13,23.631,TSLA
1888,2017-12-14,23.003,TSLA
1889,2017-12-15,23.3881,TSLA
1890,2017-12-18,23.1069,TSLA
1891,2017-12-19,22.4915,TSLA
1892,2017-12-20,22.427,TSLA
1893,2017-12-21,22.5616,TSLA
1894,2017-12-22,21.88,TSLA
1895,2017-12-26,21.6879,TSLA
1896,2017-12-27,21.41,TSLA
1897,2017-12-28,21.842,TSLA
1898,2017-12-29,20.7647,TSLA
1899,2018-01-02,21.8156,TSLA
1900,2018-01-03,21.71,TSLA
1901,2018-01-04,21.1521,TSLA
1902,2018-01-05,22.1451,TSLA
1903,2018-01-08,23.3883,TSLA
1904,2018-01-09,23.298,TSLA
1905,2018-01-10,22.79,TSLA
1906,2018-01-11,23.09,TSLA
1907,2018-01-12,22.7909,TSLA
1908,2018-01-16,23.0267,TSLA
1909,2018-01-17,23.72,TSLA
1910,2018-01-18,23.2116,TSLA
1911,2018-01-19,23.8443,TSLA
1912,2018-01-22,23.5048,TSLA
1913,2018-01-23,24.3521,TSLA
1914,2018-01-24,23.709,TSLA
1915,2018-01-25,23.318,TSLA
1916,2018-01-26,23.0566,TSLA
1917,2018-01-29,24.463,TSLA
1918,2018-01-30,23.9947,TSLA
1919,2018-01-31,24.0477,TSLA
1920,2018-02-01,23.7895,TSLA
1921,2018-02-02,23.9878,TSLA
1922,2018-02-05,22.343,TSLA
1923,2018-02-06,22.8325,TSLA
1924,2018-02-07,24.0,TSLA
1925,2018-02-08,21.7344,TSLA
1926,2018-02-09,21.3798,TSLA
1927,2018-02-12,21.712,TSLA
1928,2018-02-13,22.0681,TSLA
1929,2018-02-14,21.72,TSLA
1930,2018-02-15,22.557,TSLA
1931,2018-02-16,23.21,TSLA
1932,2018-02-20,22.748,TSLA
1933,2018-02-21,23.03,TSLA
1934,2018-02-22,24.214,TSLA
1935,2018-02-23,23.89,TSLA
1936,2018-02-26,24.736,TSLA
1937,2018-02-27,23.4453,TSLA
1938,2018-02-28,23.2097,TSLA
1939,2018-03-01,23.032,TSLA
1940,2018-03-02,22.8865,TSLA
1941,2018-03-05,22.6452,TSLA
1942,2018-03-06,21.95,TSLA
1943,2018-03-07,22.264,TSLA
1944,2018-03-08,22.88,TSLA
1945,2018-03-09,22.2354,TSLA
1946,2018-03-12,23.051,TSLA
1947,2018-03-13,22.8147,TSLA
1948,2018-03-14,21.7754,TSLA
1949,2018-03-15,22.4144,TSLA
1950,2018-03-16,22.1138,TSLA
1951,2018-03-19,21.565,TSLA
1952,2018-03-20,20.9911,TSLA
1953,2018-03-21,21.959,TSLA
1954,2018-03-22,21.043,TSLA
1955,2018-03-23,20.2793,TSLA
1956,2018-03-26,21.197,TSLA
1957,2018-03-27,18.907,TSLA
1958,2018-03-28,17.338,TSLA
1959,2018-03-29,17.785,TSLA
1960,2018-04-02,17.232,TSLA
1961,2018-04-03,18.1281,TSLA
1962,2018-04-04,19.3883,TSLA
1963,2018-04-05,21.378,TSLA
1964,2018-04-06,20.1638,TSLA
1965,2018-04-09,20.165,TSLA
1966,2018-04-10,21.0826,TSLA
1967,2018-04-11,20.683,TSLA
1968,2018-04-12,20.4724,TSLA
1969,2018-04-13,20.2667,TSLA
1970,2018-04-16,19.679,TSLA
1971,2018-04-17,19.8493,TSLA
1972,2018-04-18,19.8085,TSLA
1973,2018-04-19,20.3809,TSLA
1974,2018-04-20,20.016,TSLA
1975,2018-04-23,19.7447,TSLA
1976,2018-04-24,19.063,TSLA
1977,2018-04-25,19.3551,TSLA
1978,2018-04-26,19.958,TSLA
1979,2018-04-27,19.866,TSLA
1980,2018-04-30,20.225,TSLA
1981,2018-05-01,20.6521,TSLA
1982,2018-05-02,20.8995,TSLA
1983,2018-05-03,19.3627,TSLA
1984,2018-05-04,20.462,TSLA
1985,2018-05-07,20.6523,TSLA
1986,2018-05-08,20.8565,TSLA
1987,2018-05-09,21.3734,TSLA
1988,2018-05-10,20.8293,TSLA
1989,2018-05-11,20.7519,TSLA
1990,2018-05-14,20.3264,TSLA
1991,2018-05-15,19.6171,TSLA
1992,2018-05-16,19.1149,TSLA
1993,2018-05-17,19.7484,TSLA
1994,2018-05-18,18.9924,TSLA
1995,2018-05-21,19.261,TSLA
1996,2018-05-22,19.2,TSLA
1997,2018-05-23,19.062,TSLA
1998,2018-05-24,19.4436,TSLA
1999,2018-05-25,19.38,TSLA
2000,2018-05-29,19.6469,TSLA
2001,2018-05-30,20.374,TSLA
2002,2018-05-31,19.584,TSLA
2003,2018-06-01,20.378,TSLA
2004,2018-06-04,19.8632,TSLA
2005,2018-06-05,19.7022,TSLA
2006,2018-06-06,22.3,TSLA
2007,2018-06-07,21.9566,TSLA
2008,2018-06-08,22.0629,TSLA
2009,2018-06-11,22.17,TSLA
2010,2018-06-12,22.9787,TSLA
2011,2018-06-13,24.1115,TSLA
2012,2018-06-14,24.567,TSLA
2013,2018-06-15,24.897,TSLA
2014,2018-06-18,25.214,TSLA
2015,2018-06-19,23.9165,TSLA
2016,2018-06-20,24.639,TSLA
2017,2018-06-21,23.4749,TSLA
2018,2018-06-22,22.361,TSLA
2019,2018-06-25,22.8493,TSLA
2020,2018-06-26,23.5,TSLA
2021,2018-06-27,23.7103,TSLA
2022,2018-06-28,24.2904,TSLA
2023,2018-06-29,22.9941,TSLA
2024,2018-07-02,22.373,TSLA
2025,2018-07-03,21.408,TSLA
2026,2018-07-05,21.1179,TSLA
2027,2018-07-06,20.8162,TSLA
2028,2018-07-09,21.786,TSLA
2029,2018-07-10,21.509,TSLA
2030,2018-07-11,21.792,TSLA
2031,2018-07-12,21.248,TSLA
2032,2018-07-13,21.364,TSLA
2033,2018-07-16,21.6287,TSLA
2034,2018-07-17,22.4065,TSLA
2035,2018-07-18,21.87,TSLA
2036,2018-07-19,22.3057,TSLA
2037,2018-07-20,21.946,TSLA
2038,2018-07-23,20.2333,TSLA
2039,2018-07-24,20.5804,TSLA
2040,2018-07-25,21.3261,TSLA
2041,2018-07-26,21.4207,TSLA
2042,2018-07-27,19.972,TSLA
2043,2018-07-30,20.0334,TSLA
2044,2018-07-31,20.507,TSLA
2045,2018-08-01,20.797,TSLA
2046,2018-08-02,23.4841,TSLA
2047,2018-08-03,23.2166,TSLA
2048,2018-08-06,23.7868,TSLA
2049,2018-08-07,25.3176,TSLA
2050,2018-08-08,25.3492,TSLA
2051,2018-08-09,23.6864,TSLA
2052,2018-08-10,24.5529,TSLA
2053,2018-08-13,24.452,TSLA
2054,2018-08-14,23.995,TSLA
2055,2018-08-15,23.7062,TSLA
2056,2018-08-16,22.9913,TSLA
2057,2018-08-17,20.622,TSLA
2058,2018-08-20,21.2371,TSLA
2059,2018-08-21,21.48,TSLA
2060,2018-08-22,21.7335,TSLA
2061,2018-08-23,22.04,TSLA
2062,2018-08-24,22.5023,TSLA
2063,2018-08-27,21.6863,TSLA
2064,2018-08-28,21.7414,TSLA
2065,2018-08-29,20.545,TSLA
2066,2018-08-30,20.82,TSLA
2067,2018-08-31,20.1967,TSLA
2068,2018-09-04,19.3622,TSLA
2069,2018-09-05,19.591,TSLA
2070,2018-09-06,19.06,TSLA
2071,2018-09-07,17.6813,TSLA
2072,2018-09-10,19.3738,TSLA
2073,2018-09-11,18.9208,TSLA
2074,2018-09-12,20.1662,TSLA
2075,2018-09-13,19.8314,TSLA
2076,2018-09-14,20.49,TSLA
2077,2018-09-17,20.167,TSLA
2078,2018-09-18,19.2883,TSLA
2079,2018-09-19,20.6569,TSLA
2080,2018-09-20,20.1959,TSLA
2081,2018-09-21,20.3,TSLA
2082,2018-09-24,20.4861,TSLA
2083,2018-09-25,20.523,TSLA
2084,2018-09-26,20.8276,TSLA
2085,2018-09-27,21.0771,TSLA
2086,2018-09-28,18.2543,TSLA
2087,2018-10-01,21.4,TSLA
2088,2018-10-02,20.672,TSLA
2089,2018-10-03,20.3626,TSLA
2090,2018-10-04,19.7073,TSLA
2091,2018-10-05,18.2437,TSLA
2092,2018-10-08,17.232,TSLA
2093,2018-10-09,17.96,TSLA
2094,2018-10-10,17.6215,TSLA
2095,2018-10-11,17.3997,TSLA
2096,2018-10-12,18.061,TSLA
2097,2018-10-15,17.691,TSLA
2098,2018-10-16,18.8377,TSLA
2099,2018-10-17,18.908,TSLA
2100,2018-10-18,18.38,TSLA
2101,2018-10-19,17.4371,TSLA
2102,2018-10-22,18.0639,TSLA
2103,2018-10-23,20.3372,TSLA
2104,2018-10-24,19.5669,TSLA
2105,2018-10-25,22.0368,TSLA
2106,2018-10-26,22.45,TSLA
2107,2018-10-29,22.9336,TSLA
2108,2018-10-30,22.0313,TSLA
2109,2018-10-31,22.86,TSLA
2110,2018-11-01,23.804,TSLA
2111,2018-11-02,23.624,TSLA
2112,2018-11-05,23.11,TSLA
2113,2018-11-06,22.8493,TSLA
2114,2018-11-07,23.7968,TSLA
2115,2018-11-08,23.9615,TSLA
2116,2018-11-09,24.5277,TSLA
2117,2018-11-12,22.5536,TSLA
2118,2018-11-13,22.846,TSLA
2119,2018-11-14,24.0707,TSLA
2120,2018-11-15,24.2189,TSLA
2121,2018-11-16,24.5768,TSLA
2122,2018-11-19,24.4339,TSLA
2123,2018-11-20,23.529,TSLA
2124,2018-11-21,23.198,TSLA
2125,2018-11-23,22.584,TSLA
2126,2018-11-26,23.3544,TSLA
2127,2018-11-27,23.142,TSLA
2128,2018-11-28,24.1905,TSLA
2129,2018-11-29,23.785,TSLA
2130,2018-11-30,24.3358,TSLA
2131,2018-12-03,24.7002,TSLA
2132,2018-12-04,25.18,TSLA
2133,2018-12-06,25.169,TSLA
2134,2018-12-07,24.0573,TSLA
2135,2018-12-10,25.2175,TSLA
2136,2018-12-11,25.1059,TSLA
2137,2018-12-12,24.87,TSLA
2138,2018-12-13,25.5612,TSLA
2139,2018-12-14,25.2381,TSLA
2140,2018-12-17,23.287,TSLA
2141,2018-12-18,23.482,TSLA
2142,2018-12-19,22.94,TSLA
2143,2018-12-20,21.2838,TSLA
2144,2018-12-21,22.222,TSLA
2145,2018-12-24,20.049,TSLA
2146,2018-12-26,22.1361,TSLA
2147,2018-12-27,21.9227,TSLA
2148,2018-12-28,22.274,TSLA
2149,2018-12-31,22.8593,TSLA
2150,2019-01-02,21.296,TSLA
2151,2019-01-03,20.699,TSLA
2152,2019-01-04,21.7471,TSLA
2153,2019-01-07,22.9478,TSLA
2154,2019-01-08,23.4056,TSLA
2155,2019-01-09,22.9901,TSLA
2156,2019-01-10,23.265,TSLA
2157,2019-01-11,23.958,TSLA
2158,2019-01-14,23.294,TSLA
2159,2019-01-15,23.584,TSLA
2160,2019-01-16,24.1,TSLA
2161,2019-01-17,23.246,TSLA
2162,2019-01-18,21.1395,TSLA
2163,2019-01-22,20.875,TSLA
2164,2019-01-23,19.9647,TSLA
2165,2019-01-24,20.099,TSLA
2166,2019-01-25,20.2891,TSLA
2167,2019-01-28,20.2385,TSLA
2168,2019-01-29,20.4905,TSLA
2169,2019-01-30,21.308,TSLA
2170,2019-01-31,21.016,TSLA
2171,2019-02-01,21.808,TSLA
2172,2019-02-04,21.1171,TSLA
2173,2019-02-05,22.0866,TSLA
2174,2019-02-06,21.788,TSLA
2175,2019-02-07,20.7865,TSLA
2176,2019-02-08,21.0592,TSLA
2177,2019-02-11,20.913,TSLA
2178,2019-02-12,21.1035,TSLA
2179,2019-02-13,21.0468,TSLA
2180,2019-02-14,21.2176,TSLA
2181,2019-02-15,21.3938,TSLA
2182,2019-02-19,20.886,TSLA
2183,2019-02-20,20.8791,TSLA
2184,2019-02-21,19.8501,TSLA
2185,2019-02-22,19.6665,TSLA
2186,2019-02-25,20.676,TSLA
2187,2019-02-26,20.0927,TSLA
2188,2019-02-27,21.9722,TSLA
2189,2019-02-28,21.9156,TSLA
2190,2019-03-01,20.4462,TSLA
2191,2019-03-04,19.464,TSLA
2192,2019-03-05,18.926,TSLA
2193,2019-03-06,18.834,TSLA
2194,2019-03-07,19.1053,TSLA
2195,2019-03-08,19.6041,TSLA
2196,2019-03-11,19.6871,TSLA
2197,2019-03-12,19.589,TSLA
2198,2019-03-13,19.628,TSLA
2199,2019-03-14,20.2329,TSLA
2200,2019-03-15,18.399,TSLA
2201,2019-03-18,18.161,TSLA
2202,2019-03-19,18.6142,TSLA
2203,2019-03-20,18.93,TSLA
2204,2019-03-21,18.536,TSLA
2205,2019-03-22,18.0052,TSLA
2206,2019-03-25,17.8605,TSLA
2207,2019-03-26,17.8676,TSLA
2208,2019-03-27,18.975,TSLA
2209,2019-03-28,18.7924,TSLA
2210,2019-03-29,19.3249,TSLA
2211,2019-04-01,20.0211,TSLA
2212,2019-04-02,20.0067,TSLA
2213,2019-04-03,20.091,TSLA
2214,2019-04-04,18.389,TSLA
2215,2019-04-05,18.7609,TSLA
2216,2019-04-08,18.4886,TSLA
2217,2019-04-09,18.373,TSLA
2218,2019-04-10,18.721,TSLA
2219,2019-04-11,18.3082,TSLA
2220,2019-04-12,18.3761,TSLA
2221,2019-04-15,18.6309,TSLA
2222,2019-04-16,18.316,TSLA
2223,2019-04-17,18.465,TSLA
2224,2019-04-18,18.3089,TSLA
2225,2019-04-22,17.9089,TSLA
2226,2019-04-23,18.453,TSLA
2227,2019-04-24,17.414,TSLA
2228,2019-04-25,16.5307,TSLA
2229,2019-04-26,16.177,TSLA
2230,2019-04-29,16.352,TSLA
2231,2019-04-30,16.3329,TSLA
2232,2019-05-01,16.2975,TSLA
2233,2019-05-02,17.016,TSLA
2234,2019-05-03,17.059,TSLA
2235,2019-05-06,17.422,TSLA
2236,2019-05-07,16.6746,TSLA
2237,2019-05-08,16.4183,TSLA
2238,2019-05-09,16.509,TSLA
2239,2019-05-10,16.753,TSLA
2240,2019-05-13,15.599,TSLA
2241,2019-05-14,15.8847,TSLA
2242,2019-05-15,15.9655,TSLA
2243,2019-05-16,15.681,TSLA
2244,2019-05-17,14.074,TSLA
2245,2019-05-20,14.1365,TSLA
2246,2019-05-21,13.711,TSLA
2247,2019-05-22,13.3025,TSLA
2248,2019-05-23,13.5397,TSLA
2249,2019-05-24,12.8535,TSLA
2250,2019-05-28,13.06,TSLA
2251,2019-05-29,13.2555,TSLA
2252,2019-05-30,12.854,TSLA
2253,2019-05-31,12.411,TSLA
2254,2019-06-03,12.2479,TSLA
2255,2019-06-04,13.2918,TSLA
2256,2019-06-05,13.707,TSLA
2257,2019-06-06,14.15,TSLA
2258,2019-06-07,13.884,TSLA
2259,2019-06-10,14.713,TSLA
2260,2019-06-11,14.7348,TSLA
2261,2019-06-12,14.3677,TSLA
2262,2019-06-13,14.5216,TSLA
2263,2019-06-14,14.95,TSLA
2264,2019-06-17,15.336,TSLA
2265,2019-06-18,15.4096,TSLA
2266,2019-06-19,15.7635,TSLA
2267,2019-06-20,14.8597,TSLA
2268,2019-06-21,15.516,TSLA
2269,2019-06-24,14.9669,TSLA
2270,2019-06-25,15.2605,TSLA
2271,2019-06-26,14.682,TSLA
2272,2019-06-27,15.004,TSLA
2273,2019-06-28,15.0012,TSLA
2274,2019-07-01,15.6674,TSLA
2275,2019-07-02,15.18,TSLA
2276,2019-07-03,16.31,TSLA
2277,2019-07-05,16.1,TSLA
2278,2019-07-08,15.659,TSLA
2279,2019-07-09,15.42,TSLA
2280,2019-07-10,16.282,TSLA
2281,2019-07-11,16.6529,TSLA
2282,2019-07-12,16.9734,TSLA
2283,2019-07-15,17.5,TSLA
2284,2019-07-16,17.5646,TSLA
2285,2019-07-17,17.0734,TSLA
2286,2019-07-18,17.1823,TSLA
2287,2019-07-19,17.889,TSLA
2288,2019-07-22,17.7476,TSLA
2289,2019-07-23,17.7309,TSLA
2290,2019-07-24,17.8995,TSLA
2291,2019-07-25,16.0125,TSLA
2292,2019-07-26,15.8671,TSLA
2293,2019-07-29,15.786,TSLA
2294,2019-07-30,16.7823,TSLA
2295,2019-07-31,16.5221,TSLA
2296,2019-08-01,15.67,TSLA
2297,2019-08-02,16.2462,TSLA
2298,2019-08-05,15.2958,TSLA
2299,2019-08-06,15.4319,TSLA
2300,2019-08-07,16.2647,TSLA
2301,2019-08-08,16.0762,TSLA
2302,2019-08-09,15.8732,TSLA
2303,2019-08-12,15.7075,TSLA
2304,2019-08-13,16.2571,TSLA
2305,2019-08-14,14.8415,TSLA
2306,2019-08-15,14.577,TSLA
2307,2019-08-16,15.0932,TSLA
2308,2019-08-19,15.556,TSLA
2309,2019-08-20,15.5012,TSLA
2310,2019-08-21,14.839,TSLA
2311,2019-08-22,15.34,TSLA
2312,2019-08-23,14.194,TSLA
2313,2019-08-26,14.8826,TSLA
2314,2019-08-27,14.514,TSLA
2315,2019-08-28,14.6326,TSLA
2316,2019-08-29,14.7815,TSLA
2317,2019-08-30,15.4173,TSLA
2318,2019-09-03,15.4764,TSLA
2319,2019-09-04,14.89,TSLA
2320,2019-09-05,15.7141,TSLA
2321,2019-09-06,15.8987,TSLA
2322,2019-09-09,15.6191,TSLA
2323,2019-09-10,16.2704,TSLA
2324,2019-09-11,16.5553,TSLA
2325,2019-09-12,16.9387,TSLA
2326,2019-09-13,17.0712,TSLA
2327,2019-09-16,16.2653,TSLA
2328,2019-09-17,16.5406,TSLA
2329,2019-09-18,16.9148,TSLA
2330,2019-09-19,17.09,TSLA
2331,2019-09-20,16.5712,TSLA
2332,2019-09-23,16.397,TSLA
2333,2019-09-24,15.2279,TSLA
2334,2019-09-25,15.4433,TSLA
2335,2019-09-26,16.505,TSLA
2336,2019-09-27,16.689,TSLA
2337,2019-09-30,16.72,TSLA
2338,2019-10-01,17.0727,TSLA
2339,2019-10-02,16.3146,TSLA
2340,2019-10-03,16.129,TSLA
2341,2019-10-04,15.6478,TSLA
2342,2019-10-07,16.301,TSLA
2343,2019-10-08,16.1958,TSLA
2344,2019-10-09,16.52,TSLA
2345,2019-10-10,16.943,TSLA
2346,2019-10-11,17.293,TSLA
2347,2019-10-14,17.1818,TSLA
2348,2019-10-15,17.3586,TSLA
2349,2019-10-16,17.8915,TSLA
2350,2019-10-17,18.1846,TSLA
2351,2019-10-18,17.78,TSLA
2352,2019-10-21,17.0,TSLA
2353,2019-10-22,17.4708,TSLA
2354,2019-10-23,17.7226,TSLA
2355,2019-10-24,20.6185,TSLA
2356,2019-10-25,22.4229,TSLA
2357,2019-10-28,22.8892,TSLA
2358,2019-10-29,21.2267,TSLA
2359,2019-10-30,21.5468,TSLA
2360,2019-10-31,21.7255,TSLA
2361,2019-11-01,21.7725,TSLA
2362,2019-11-04,21.2072,TSLA
2363,2019-11-05,21.61,TSLA
2364,2019-11-06,22.472,TSLA
2365,2019-11-07,23.3555,TSLA
2366,2019-11-08,22.685,TSLA
2367,2019-11-11,24.085,TSLA
2368,2019-11-12,24.3411,TSLA
2369,2019-11-13,23.67,TSLA
2370,2019-11-14,24.14,TSLA
2371,2019-11-15,24.299,TSLA
2372,2019-11-18,24.0817,TSLA
2373,2019-11-19,24.2,TSLA
2374,2019-11-20,24.235,TSLA
2375,2019-11-21,24.3453,TSLA
2376,2019-11-22,22.6938,TSLA
2377,2019-11-25,22.5177,TSLA
2378,2019-11-26,22.12,TSLA
2379,2019-11-27,22.991,TSLA
2380,2019-11-29,22.552,TSLA
2381,2019-12-02,22.3377,TSLA
2382,2019-12-03,23.4459,TSLA
2383,2019-12-04,22.426,TSLA
2384,2019-12-05,22.2635,TSLA
2385,2019-12-06,23.2708,TSLA
2386,2019-12-09,22.9424,TSLA
2387,2019-12-10,23.625,TSLA
2388,2019-12-11,24.4415,TSLA
2389,2019-12-12,24.1729,TSLA
2390,2019-12-13,24.2352,TSLA
2391,2019-12-16,26.5837,TSLA
2392,2019-12-17,25.727,TSLA
2393,2019-12-18,26.28,TSLA
2394,2019-12-19,28.099,TSLA
2395,2019-12-20,27.6719,TSLA
2396,2019-12-23,28.483,TSLA
2397,2019-12-24,28.92,TSLA
2398,2019-12-26,29.5825,TSLA
2399,2019-12-27,29.964,TSLA
2400,2019-12-30,28.2858,TSLA
2401,2019-12-31,28.5986,TSLA
2402,2020-01-02,29.637,TSLA
2403,2020-01-03,30.854,TSLA
2404,2020-01-06,31.484,TSLA
2405,2020-01-07,31.7463,TSLA
2406,2020-01-08,32.9354,TSLA
2407,2020-01-09,32.1983,TSLA
2408,2020-01-10,32.5254,TSLA
2409,2020-01-13,35.1748,TSLA
2410,2020-01-14,37.5373,TSLA
2411,2020-01-15,34.8782,TSLA
2412,2020-01-16,35.847,TSLA
2413,2020-01-17,35.0463,TSLA
2414,2020-01-21,37.04,TSLA
2415,2020-01-22,38.4327,TSLA
2416,2020-01-23,39.2588,TSLA
2417,2020-01-24,38.7372,TSLA
2418,2020-01-27,38.5849,TSLA
2419,2020-01-28,38.5694,TSLA
2420,2020-01-29,40.4632,TSLA
2421,2020-01-30,43.6669,TSLA
2422,2020-01-31,43.5447,TSLA
2423,2020-02-03,53.0,TSLA
2424,2020-02-04,60.1676,TSLA
2425,2020-02-05,49.57,TSLA
2426,2020-02-06,50.6154,TSLA
2427,2020-02-07,51.2878,TSLA
2428,2020-02-10,53.6213,TSLA
2429,2020-02-11,52.5141,TSLA
2430,2020-02-12,51.8528,TSLA
2431,2020-02-13,54.8,TSLA
2432,2020-02-14,53.6469,TSLA
2433,2020-02-18,58.367,TSLA
2434,2020-02-19,64.0336,TSLA
2435,2020-02-20,61.8691,TSLA
2436,2020-02-21,60.9442,TSLA
2437,2020-02-24,55.931,TSLA
2438,2020-02-25,53.5757,TSLA
2439,2020-02-26,52.43,TSLA
2440,2020-02-27,45.3685,TSLA
2441,2020-02-28,45.8616,TSLA
2442,2020-03-02,51.5372,TSLA
2443,2020-03-03,49.7616,TSLA
2444,2020-03-04,50.8862,TSLA
2445,2020-03-05,48.3561,TSLA
2446,2020-03-06,48.906,TSLA
2447,2020-03-09,40.9016,TSLA
2448,2020-03-10,44.437,TSLA
2449,2020-03-11,44.345,TSLA
2450,2020-03-12,38.36,TSLA
2451,2020-03-13,37.6871,TSLA
2452,2020-03-16,30.578,TSLA
2453,2020-03-17,29.42,TSLA
2454,2020-03-18,24.276,TSLA
2455,2020-03-19,28.8315,TSLA
2456,2020-03-20,29.83,TSLA
2457,2020-03-23,30.3802,TSLA
2458,2020-03-24,33.6722,TSLA
2459,2020-03-25,36.12,TSLA
2460,2020-03-26,35.5548,TSLA
2461,2020-03-27,34.7566,TSLA
2462,2020-03-30,34.5905,TSLA
2463,2020-03-31,36.3607,TSLA
2464,2020-04-01,33.499,TSLA
2465,2020-04-02,30.852,TSLA
2466,2020-04-03,33.3806,TSLA
2467,2020-04-06,34.465,TSLA
2468,2020-04-07,37.209,TSLA
2469,2020-04-08,36.7183,TSLA
2470,2020-04-09,38.4,TSLA
2471,2020-04-13,44.5123,TSLA
2472,2020-04-14,47.98,TSLA
2473,2020-04-15,50.13,TSLA
2474,2020-04-16,50.8202,TSLA
2475,2020-04-17,50.5422,TSLA
2476,2020-04-20,51.8041,TSLA
2477,2020-04-21,46.7557,TSLA
2478,2020-04-22,49.8831,TSLA
2479,2020-04-23,47.709,TSLA
2480,2020-04-24,50.5599,TSLA
2481,2020-04-27,54.64,TSLA
2482,2020-04-28,52.216,TSLA
2483,2020-04-29,54.9407,TSLA
2484,2020-04-30,54.4893,TSLA
2485,2020-05-01,46.9144,TSLA
2486,2020-05-04,52.886,TSLA
2487,2020-05-05,52.386,TSLA
2488,2020-05-06,53.946,TSLA
2489,2020-05-07,53.8759,TSLA
2490,2020-05-08,55.986,TSLA
2491,2020-05-11,56.589,TSLA
2492,2020-05-12,56.6041,TSLA
2493,2020-05-13,53.7429,TSLA
2494,2020-05-14,54.1806,TSLA
2495,2020-05-15,54.223,TSLA
2496,2020-05-18,56.461,TSLA
2497,2020-05-19,54.6953,TSLA
2498,2020-05-20,54.7051,TSLA
2499,2020-05-21,57.3322,TSLA
2500,2020-05-22,55.4753,TSLA
2501,2020-05-26,55.6871,TSLA
2502,2020-05-27,54.693,TSLA
2503,2020-05-28,56.2812,TSLA
2504,2020-05-29,57.6567,TSLA
2505,2020-06-01,60.9766,TSLA
2506,2020-06-02,60.147,TSLA
2507,2020-06-03,60.706,TSLA
2508,2020-06-04,58.4026,TSLA
2509,2020-06-05,61.203,TSLA
2510,2020-06-08,65.277,TSLA
2511,2020-06-09,63.5136,TSLA
2512,2020-06-10,70.3855,TSLA
2513,2020-06-11,65.141,TSLA
2514,2020-06-12,64.061,TSLA
2515,2020-06-15,67.15,TSLA
2516,2020-06-16,67.574,TSLA
2517,2020-06-17,67.4097,TSLA
2518,2020-06-18,67.9206,TSLA
2519,2020-06-19,69.3919,TSLA
2520,2020-06-22,66.588,TSLA
2521,2020-06-23,67.5247,TSLA
2522,2020-06-24,65.7285,TSLA
2523,2020-06-25,68.709,TSLA
2524,2020-06-26,66.5151,TSLA
2525,2020-06-29,70.39,TSLA
2526,2020-06-30,74.1147,TSLA
2527,2020-07-01,75.647,TSLA
2528,2020-07-02,82.2276,TSLA
2529,2020-07-06,92.5858,TSLA
2530,2020-07-07,95.613,TSLA
2531,2020-07-08,91.7297,TSLA
2532,2020-07-09,94.567,TSLA
2533,2020-07-10,105.02,TSLA
2534,2020-07-13,101.608,TSLA
2535,2020-07-14,105.39,TSLA
2536,2020-07-15,104.769,TSLA
2537,2020-07-16,104.976,TSLA
2538,2020-07-17,104.21,TSLA
2539,2020-07-20,111.282,TSLA
2540,2020-07-21,109.713,TSLA
2541,2020-07-22,111.399,TSLA
2542,2020-07-23,103.023,TSLA
2543,2020-07-24,98.3704,TSLA
2544,2020-07-27,106.74,TSLA
2545,2020-07-28,102.2875,TSLA
2546,2020-07-29,100.5884,TSLA
2547,2020-07-30,103.878,TSLA
2548,2020-07-31,100.065,TSLA
2549,2020-08-03,101.0,TSLA
2550,2020-08-04,101.6803,TSLA
2551,2020-08-05,100.795,TSLA
2552,2020-08-06,101.7733,TSLA
2553,2020-08-07,101.5065,TSLA
2554,2020-08-10,97.4422,TSLA
2555,2020-08-11,93.055,TSLA
2556,2020-08-12,106.583,TSLA
2557,2020-08-13,111.597,TSLA
2558,2020-08-14,114.416,TSLA
2559,2020-08-17,122.932,TSLA
2560,2020-08-18,131.951,TSLA
2561,2020-08-19,131.088,TSLA
2562,2020-08-20,137.088,TSLA
2563,2020-08-21,138.601,TSLA
2564,2020-08-24,135.38,TSLA
2565,2020-08-25,139.199,TSLA
2566,2020-08-26,149.829,TSLA
2567,2020-08-27,150.77,TSLA
2568,2020-08-28,147.69,TSLA
2569,2020-08-31,167.56,TSLA
2570,2020-09-01,165.59,TSLA
2571,2020-09-02,155.824,TSLA
2572,2020-09-03,136.787,TSLA
2573,2020-09-04,145.98,TSLA
2574,2020-09-08,114.39,TSLA
2575,2020-09-09,124.169,TSLA
2576,2020-09-10,127.2,TSLA
2577,2020-09-11,124.82,TSLA
2578,2020-09-14,141.028,TSLA
2579,2020-09-15,156.29,TSLA
2580,2020-09-16,153.735,TSLA
2581,2020-09-17,143.579,TSLA
2582,2020-09-18,154.141,TSLA
2583,2020-09-21,155.818,TSLA
2584,2020-09-22,141.44,TSLA
2585,2020-09-23,129.647,TSLA
2586,2020-09-24,133.166,TSLA
2587,2020-09-25,138.06,TSLA
2588,2020-09-28,147.4,TSLA
2589,2020-09-29,142.19,TSLA
2590,2020-09-30,147.419,TSLA
2591,2020-10-01,151.993,TSLA
2592,2020-10-02,144.711,TSLA
2593,2020-10-05,144.303,TSLA
2594,2020-10-06,144.646,TSLA
2595,2020-10-07,143.474,TSLA
2596,2020-10-08,143.105,TSLA
2597,2020-10-09,151.83,TSLA
2598,2020-10-12,152.206,TSLA
2599,2020-10-13,153.067,TSLA
2600,2020-10-14,160.357,TSLA
2601,2020-10-15,153.059,TSLA
2602,2020-10-16,150.745,TSLA
2603,2020-10-19,144.71,TSLA
2604,2020-10-20,142.66,TSLA
2605,2020-10-21,147.24,TSLA
2606,2020-10-22,142.67,TSLA
2607,2020-10-23,147.04,TSLA
2608,2020-10-26,144.463,TSLA
2609,2020-10-27,148.03,TSLA
2610,2020-10-28,135.75,TSLA
2611,2020-10-29,137.602,TSLA
2612,2020-10-30,133.573,TSLA
2613,2020-11-02,140.088,TSLA
2614,2020-11-03,142.1,TSLA
2615,2020-11-04,144.201,TSLA
2616,2020-11-05,150.23,TSLA
2617,2020-11-06,148.186,TSLA
2618,2020-11-09,146.91,TSLA
2619,2020-11-10,141.088,TSLA
2620,2020-11-11,145.195,TSLA
2621,2020-11-12,137.451,TSLA
2622,2020-11-13,141.518,TSLA
2623,2020-11-16,137.69,TSLA
2624,2020-11-17,149.552,TSLA
2625,2020-11-18,164.522,TSLA
2626,2020-11-19,167.678,TSLA
2627,2020-11-20,165.105,TSLA
2628,2020-11-23,179.91,TSLA
2629,2020-11-24,187.66,TSLA
2630,2020-11-25,193.051,TSLA
2631,2020-11-27,203.382,TSLA
2632,2020-11-30,195.6,TSLA
2633,2020-12-01,199.14,TSLA
2634,2020-12-02,197.61,TSLA
2635,2020-12-03,207.27,TSLA
2636,2020-12-04,202.75,TSLA
2637,2020-12-07,214.51,TSLA
2638,2020-12-08,223.173,TSLA
2639,2020-12-09,211.144,TSLA
2640,2020-12-10,213.364,TSLA
2641,2020-12-11,206.22,TSLA
2642,2020-12-14,218.117,TSLA
2643,2020-12-15,218.242,TSLA
2644,2020-12-16,213.49,TSLA
2645,2020-12-17,228.356,TSLA
2646,2020-12-18,233.916,TSLA
2647,2020-12-21,219.98,TSLA
2648,2020-12-22,214.13,TSLA
2649,2020-12-23,221.683,TSLA
2650,2020-12-24,228.35,TSLA
2651,2020-12-28,223.64,TSLA
2652,2020-12-29,231.304,TSLA
2653,2020-12-30,236.832,TSLA
2654,2020-12-31,245.823,TSLA
2655,2021-01-04,252.065,TSLA
2656,2021-01-05,246.262,TSLA
2657,2021-01-06,261.706,TSLA
2658,2021-01-07,275.463,TSLA
2659,2021-01-08,295.98,TSLA
2660,2021-01-11,282.294,TSLA
2661,2021-01-12,288.34,TSLA
2662,2021-01-13,290.523,TSLA
2663,2021-01-14,284.563,TSLA
2664,2021-01-15,275.467,TSLA
2665,2021-01-19,285.24,TSLA
2666,2021-01-20,291.586,TSLA
2667,2021-01-21,287.945,TSLA
2668,2021-01-22,283.809,TSLA
2669,2021-01-25,306.7,TSLA
2670,2021-01-26,303.776,TSLA
2671,2021-01-27,290.969,TSLA
2672,2021-01-28,288.297,TSLA
2673,2021-01-29,274.47,TSLA
2674,2021-02-01,290.454,TSLA
2675,2021-02-02,303.84,TSLA
2676,2021-02-03,295.32,TSLA
2677,2021-02-04,291.59,TSLA
2678,2021-02-05,289.108,TSLA
2679,2021-02-08,301.287,TSLA
2680,2021-02-09,290.996,TSLA
2681,2021-02-10,271.38,TSLA
2682,2021-02-11,283.861,TSLA
2683,2021-02-12,273.17,TSLA
2684,2021-02-16,272.358,TSLA
2685,2021-02-17,277.97,TSLA
2686,2021-02-18,271.21,TSLA
2687,2021-02-19,262.798,TSLA
2688,2021-02-22,238.313,TSLA
2689,2021-02-23,236.328,TSLA
2690,2021-02-24,254.69,TSLA
2691,2021-02-25,229.999,TSLA
2692,2021-02-26,226.22,TSLA
2693,2021-03-01,240.295,TSLA
2694,2021-03-02,229.578,TSLA
2695,2021-03-03,225.683,TSLA
2696,2021-03-04,217.129,TSLA
2697,2021-03-05,200.852,TSLA
2698,2021-03-08,191.807,TSLA
2699,2021-03-09,225.635,TSLA
2700,2021-03-10,231.562,TSLA
2701,2021-03-11,244.1,TSLA
2702,2021-03-12,238.266,TSLA
2703,2021-03-15,241.73,TSLA
2704,2021-03-16,235.007,TSLA
2705,2021-03-17,239.864,TSLA
2706,2021-03-18,219.86,TSLA
2707,2021-03-19,221.06,TSLA
2708,2021-03-22,233.287,TSLA
2709,2021-03-23,222.38,TSLA
2710,2021-03-24,215.21,TSLA
2711,2021-03-25,223.105,TSLA
2712,2021-03-26,211.471,TSLA
2713,2021-03-29,210.376,TSLA
2714,2021-03-30,214.241,TSLA
2715,2021-03-31,227.576,TSLA
2716,2021-04-01,227.956,TSLA
2717,2021-04-05,240.59,TSLA
2718,2021-04-06,231.53,TSLA
2719,2021-04-07,225.816,TSLA
2720,2021-04-08,229.637,TSLA
2721,2021-04-09,230.558,TSLA
2722,2021-04-12,234.384,TSLA
2723,2021-04-13,263.495,TSLA
2724,2021-04-14,248.46,TSLA
2725,2021-04-15,254.2,TSLA
2726,2021-04-16,249.963,TSLA
2727,2021-04-19,247.68,TSLA
2728,2021-04-20,247.045,TSLA
2729,2021-04-21,250.0,TSLA
2730,2021-04-22,246.636,TSLA
2731,2021-04-23,251.539,TSLA
2732,2021-04-26,249.29,TSLA
2733,2021-04-27,240.987,TSLA
2734,2021-04-28,243.009,TSLA
2735,2021-04-29,231.009,TSLA
2736,2021-04-30,243.24,TSLA
2737,2021-05-03,229.6,TSLA
2738,2021-05-04,232.766,TSLA
2739,2021-05-05,223.78,TSLA
2740,2021-05-06,230.62,TSLA
2741,2021-05-07,225.747,TSLA
2742,2021-05-10,218.12,TSLA
2743,2021-05-11,208.577,TSLA
2744,2021-05-12,198.43,TSLA
2745,2021-05-13,194.39,TSLA
2746,2021-05-14,198.55,TSLA
2747,2021-05-17,196.214,TSLA
2748,2021-05-18,201.973,TSLA
2749,2021-05-19,195.3,TSLA
2750,2021-05-20,202.061,TSLA
2751,2021-05-21,194.192,TSLA
2752,2021-05-24,205.879,TSLA
2753,2021-05-25,206.198,TSLA
2754,2021-05-26,212.618,TSLA
2755,2021-05-27,212.626,TSLA
2756,2021-05-28,216.603,TSLA
2757,2021-06-01,215.99,TSLA
2758,2021-06-02,206.951,TSLA
2759,2021-06-03,192.217,TSLA
2760,2021-06-04,208.671,TSLA
2761,2021-06-07,206.61,TSLA
2762,2021-06-08,205.357,TSLA
2763,2021-06-09,202.576,TSLA
2764,2021-06-10,204.449,TSLA
2765,2021-06-11,204.774,TSLA
2766,2021-06-14,211.508,TSLA
2767,2021-06-15,200.133,TSLA
2768,2021-06-16,209.958,TSLA
2769,2021-06-17,207.829,TSLA
2770,2021-06-18,216.34,TSLA
2771,2021-06-21,208.03,TSLA
2772,2021-06-22,213.113,TSLA
2773,2021-06-23,224.408,TSLA
2774,2021-06-24,236.209,TSLA
2775,2021-06-25,232.666,TSLA
2776,2021-06-28,235.501,TSLA
2777,2021-06-29,230.5,TSLA
2778,2021-06-30,232.142,TSLA
2779,2021-07-01,236.173,TSLA
2780,2021-07-02,236.2,TSLA
2781,2021-07-06,229.05,TSLA
2782,2021-07-07,218.076,TSLA
2783,2021-07-08,225.392,TSLA
2784,2021-07-09,221.194,TSLA
2785,2021-07-12,230.143,TSLA
2786,2021-07-13,228.714,TSLA
2787,2021-07-14,223.055,TSLA
2788,2021-07-15,227.235,TSLA
2789,2021-07-16,217.04,TSLA
2790,2021-07-19,226.1,TSLA
2791,2021-07-20,225.418,TSLA
2792,2021-07-21,218.84,TSLA
2793,2021-07-22,227.06,TSLA
2794,2021-07-23,214.91,TSLA
2795,2021-07-26,227.258,TSLA
2796,2021-07-27,216.128,TSLA
2797,2021-07-28,217.39,TSLA
2798,2021-07-29,234.492,TSLA
2799,2021-07-30,239.095,TSLA
2800,2021-08-02,237.011,TSLA
2801,2021-08-03,245.99,TSLA
2802,2021-08-04,243.037,TSLA
2803,2021-08-05,241.46,TSLA
2804,2021-08-06,237.67,TSLA
2805,2021-08-09,244.64,TSLA
2806,2021-08-10,248.107,TSLA
2807,2021-08-11,241.28,TSLA
2808,2021-08-12,241.65,TSLA
2809,2021-08-13,244.872,TSLA
2810,2021-08-16,237.771,TSLA
2811,2021-08-17,230.715,TSLA
2812,2021-08-18,232.201,TSLA
2813,2021-08-19,233.8,TSLA
2814,2021-08-20,231.698,TSLA
2815,2021-08-23,242.071,TSLA
2816,2021-08-24,245.216,TSLA
2817,2021-08-25,240.231,TSLA
2818,2021-08-26,236.43,TSLA
2819,2021-08-27,247.567,TSLA
2820,2021-08-30,254.18,TSLA
2821,2021-08-31,245.75,TSLA
2822,2021-09-01,247.539,TSLA
2823,2021-09-02,244.28,TSLA
2824,2021-09-03,244.768,TSLA
2825,2021-09-07,255.639,TSLA
2826,2021-09-08,262.06,TSLA
2827,2021-09-09,255.06,TSLA
2828,2021-09-10,249.517,TSLA
2829,2021-09-13,254.829,TSLA
2830,2021-09-14,252.801,TSLA
2831,2021-09-15,257.026,TSLA
2832,2021-09-16,252.89,TSLA
2833,2021-09-17,258.06,TSLA
2834,2021-09-20,245.74,TSLA
2835,2021-09-21,247.49,TSLA
2836,2021-09-22,256.313,TSLA
2837,2021-09-23,251.681,TSLA
2838,2021-09-24,264.03,TSLA
2839,2021-09-27,272.812,TSLA
2840,2021-09-28,267.664,TSLA
2841,2021-09-29,266.381,TSLA
2842,2021-09-30,265.606,TSLA
2843,2021-10-01,258.879,TSLA
2844,2021-10-04,266.9,TSLA
2845,2021-10-05,261.984,TSLA
2846,2021-10-06,272.743,TSLA
2847,2021-10-07,267.913,TSLA
2848,2021-10-08,268.01,TSLA
2849,2021-10-11,265.17,TSLA
2850,2021-10-12,281.547,TSLA
2851,2021-10-13,273.4,TSLA
2852,2021-10-14,275.625,TSLA
2853,2021-10-15,293.92,TSLA
2854,2021-10-18,299.193,TSLA
2855,2021-10-19,288.62,TSLA
2856,2021-10-20,296.2,TSLA
2857,2021-10-21,300.0,TSLA
2858,2021-10-22,316.182,TSLA
2859,2021-10-25,354.5,TSLA
2860,2021-10-26,355.117,TSLA
2861,2021-10-27,354.521,TSLA
2862,2021-10-28,369.943,TSLA
2863,2021-10-29,372.049,TSLA
2864,2021-11-01,405.608,TSLA
2865,2021-11-02,401.206,TSLA
2866,2021-11-03,420.75,TSLA
2867,2021-11-04,419.74,TSLA
2868,2021-11-05,425.111,TSLA
2869,2021-11-08,393.726,TSLA
2870,2021-11-09,342.276,TSLA
2871,2021-11-10,359.602,TSLA
2872,2021-11-11,355.643,TSLA
2873,2021-11-12,350.1,TSLA
2874,2021-11-15,338.394,TSLA
2875,2021-11-16,363.272,TSLA
2876,2021-11-17,365.001,TSLA
2877,2021-11-18,382.48,TSLA
2878,2021-11-19,389.49,TSLA
2879,2021-11-22,400.879,TSLA
2880,2021-11-23,381.224,TSLA
2881,2021-11-24,385.0,TSLA
2882,2021-11-26,362.13,TSLA
2883,2021-11-29,396.395,TSLA
2884,2021-11-30,383.498,TSLA
2885,2021-12-01,380.0,TSLA
2886,2021-12-02,379.245,TSLA
2887,2021-12-03,350.976,TSLA
2888,2021-12-06,349.845,TSLA
2889,2021-12-07,352.525,TSLA
2890,2021-12-08,366.79,TSLA
2891,2021-12-09,340.0,TSLA
2892,2021-12-10,342.85,TSLA
2893,2021-12-13,337.058,TSLA
2894,2021-12-14,322.354,TSLA
2895,2021-12-15,325.4,TSLA
2896,2021-12-16,315.741,TSLA
2897,2021-12-17,323.242,TSLA
2898,2021-12-20,314.2,TSLA
2899,2021-12-21,323.887,TSLA
2900,2021-12-22,346.22,TSLA
2901,2021-12-23,366.045,TSLA
2902,2021-12-27,370.871,TSLA
2903,2021-12-28,376.358,TSLA
2904,2021-12-29,362.57,TSLA
2905,2021-12-30,357.61,TSLA
2906,2021-12-31,353.13,TSLA
2907,2022-01-03,410.858,TSLA
2908,2022-01-04,399.551,TSLA
2909,2022-01-05,364.827,TSLA
2910,2022-01-06,360.4,TSLA
2911,2022-01-07,358.45,TSLA
2912,2022-01-10,366.027,TSLA
2913,2022-01-11,359.5,TSLA
2914,2022-01-12,379.38,TSLA
2915,2022-01-13,346.064,TSLA
2916,2022-01-14,352.67,TSLA
2917,2022-01-18,354.504,TSLA
2918,2022-01-19,348.341,TSLA
2919,2022-01-20,340.47,TSLA
2920,2022-01-21,328.273,TSLA
2921,2022-01-24,321.0,TSLA
2922,2022-01-25,314.265,TSLA
2923,2022-01-26,321.04,TSLA
2924,2022-01-27,286.068,TSLA
2925,2022-01-28,295.735,TSLA
2926,2022-01-31,317.96,TSLA
2927,2022-02-01,311.079,TSLA
2928,2022-02-02,315.365,TSLA
2929,2022-02-03,297.12,TSLA
2930,2022-02-04,313.025,TSLA
2931,2022-02-07,304.401,TSLA
2932,2022-02-08,310.931,TSLA
2933,2022-02-09,311.616,TSLA
2934,2022-02-10,313.934,TSLA
2935,2022-02-11,288.822,TSLA
2936,2022-02-14,298.71,TSLA
2937,2022-02-15,319.219,TSLA
2938,2022-02-16,315.763,TSLA
2939,2022-02-17,293.189,TSLA
2940,2022-02-18,293.26,TSLA
2941,2022-02-22,275.662,TSLA
2942,2022-02-23,260.37,TSLA
2943,2022-02-24,277.903,TSLA
2944,2022-02-25,270.501,TSLA
2945,2022-02-28,298.496,TSLA
2946,2022-03-01,295.473,TSLA
2947,2022-03-02,296.289,TSLA
2948,2022-03-03,289.115,TSLA
2949,2022-03-04,280.97,TSLA
2950,2022-03-07,269.357,TSLA
2951,2022-03-08,282.5,TSLA
2952,2022-03-09,288.598,TSLA
2953,2022-03-10,285.878,TSLA
2954,2022-03-11,268.963,TSLA
2955,2022-03-14,264.215,TSLA
2956,2022-03-15,278.045,TSLA
2957,2022-03-16,285.003,TSLA
2958,2022-03-17,300.624,TSLA
2959,2022-03-18,301.84,TSLA
2960,2022-03-21,313.782,TSLA
2961,2022-03-22,332.109,TSLA
2962,2022-03-23,344.759,TSLA
2963,2022-03-24,347.44,TSLA
2964,2022-03-25,337.58,TSLA
2965,2022-03-28,373.521,TSLA
2966,2022-03-29,374.032,TSLA
2967,2022-03-30,373.562,TSLA
2968,2022-03-31,367.0,TSLA
2969,2022-04-01,361.68,TSLA
2970,2022-04-04,382.485,TSLA
2971,2022-04-05,369.51,TSLA
2972,2022-04-06,354.3,TSLA
2973,2022-04-07,363.16,TSLA
2974,2022-04-08,347.59,TSLA
2975,2022-04-11,330.36,TSLA
2976,2022-04-12,333.486,TSLA
2977,2022-04-13,340.91,TSLA
2978,2022-04-14,330.888,TSLA
2979,2022-04-18,343.673,TSLA
2980,2022-04-19,343.272,TSLA
2981,2022-04-20,334.254,TSLA
2982,2022-04-21,338.19,TSLA
2983,2022-04-22,345.655,TSLA
2984,2022-04-25,332.734,TSLA
2985,2022-04-26,303.68,TSLA
2986,2022-04-27,294.217,TSLA
2987,2022-04-28,295.338,TSLA
2988,2022-04-29,294.69,TSLA
2989,2022-05-02,304.4,TSLA
2990,2022-05-03,313.544,TSLA
2991,2022-05-04,328.81,TSLA
2992,2022-05-05,299.346,TSLA
2993,2022-05-06,300.25,TSLA
2994,2022-05-09,269.69,TSLA
2995,2022-05-10,267.91,TSLA
2996,2022-05-11,255.875,TSLA
2997,2022-05-12,251.568,TSLA
2998,2022-05-13,260.56,TSLA
2999,2022-05-16,243.252,TSLA
3000,2022-05-17,257.81,TSLA
3001,2022-05-18,240.118,TSLA
3002,2022-05-19,237.349,TSLA
3003,2022-05-20,230.8,TSLA
3004,2022-05-23,230.003,TSLA
3005,2022-05-24,217.204,TSLA
3006,2022-05-25,229.1,TSLA
3007,2022-05-26,240.92,TSLA
3008,2022-05-27,254.7,TSLA
3009,2022-05-31,254.736,TSLA
3010,2022-06-01,247.09,TSLA
3011,2022-06-02,259.658,TSLA
3012,2022-06-03,236.046,TSLA
3013,2022-06-06,246.2,TSLA
3014,2022-06-07,248.447,TSLA
3015,2022-06-08,246.258,TSLA
3016,2022-06-09,243.837,TSLA
3017,2022-06-10,242.86,TSLA
3018,2022-06-13,220.305,TSLA
3019,2022-06-14,224.09,TSLA
3020,2022-06-15,244.0,TSLA
3021,2022-06-16,213.9,TSLA
3022,2022-06-17,220.71,TSLA
3023,2022-06-21,237.96,TSLA
3024,2022-06-22,237.29,TSLA
3025,2022-06-23,246.49,TSLA
3026,2022-06-24,257.956,TSLA
3027,2022-06-27,245.57,TSLA
3028,2022-06-28,241.851,TSLA
3029,2022-06-29,234.24,TSLA
3030,2022-06-30,231.634,TSLA
3031,2022-07-01,235.615,TSLA
3032,2022-07-05,235.764,TSLA
3033,2022-07-06,239.108,TSLA
3034,2022-07-07,255.0,TSLA
3035,2022-07-08,257.225,TSLA
3036,2022-07-11,241.569,TSLA
3037,2022-07-12,241.18,TSLA
3038,2022-07-13,242.09,TSLA
3039,2022-07-14,246.117,TSLA
3040,2022-07-15,246.683,TSLA
3041,2022-07-18,250.252,TSLA
3042,2022-07-19,247.35,TSLA
3043,2022-07-20,252.3,TSLA
3044,2022-07-21,276.171,TSLA
3045,2022-07-22,275.279,TSLA
3046,2022-07-25,277.22,TSLA
3047,2022-07-26,269.87,TSLA
3048,2022-07-27,282.8,TSLA
3049,2022-07-28,290.4,TSLA
3050,2022-07-29,303.5,TSLA
3051,2022-08-01,308.133,TSLA
3052,2022-08-02,309.179,TSLA
3053,2022-08-03,308.343,TSLA
3054,2022-08-04,322.752,TSLA
3055,2022-08-05,293.39,TSLA
3056,2022-08-08,298.822,TSLA
3057,2022-08-09,293.336,TSLA
3058,2022-08-10,300.98,TSLA
3059,2022-08-11,289.18,TSLA
3060,2022-08-12,305.37,TSLA
3061,2022-08-15,324.14,TSLA
3062,2022-08-16,320.647,TSLA
3063,2022-08-17,307.681,TSLA
3064,2022-08-18,311.13,TSLA
3065,2022-08-19,305.493,TSLA
3066,2022-08-22,301.25,TSLA
3067,2022-08-23,298.471,TSLA
3068,2022-08-24,302.7297,TSLA
3069,2022-08-25,305.25,TSLA
3070,2022-08-26,288.15,TSLA
3071,2022-08-29,298.07,TSLA
3072,2022-08-30,283.9,TSLA
3073,2022-08-31,282.82,TSLA
3074,2022-09-01,278.45,TSLA
3075,2022-09-02,270.27,TSLA
3076,2022-09-06,282.73,TSLA
3077,2022-09-07,296.7,TSLA
3078,2022-09-08,294.6,TSLA
3079,2022-09-09,314.04,TSLA
3080,2022-09-12,306.13,TSLA
3081,2022-09-13,298.58,TSLA
3082,2022-09-14,307.59,TSLA
3083,2022-09-15,304.71,TSLA
3084,2022-09-16,317.91,TSLA
3085,2022-09-19,314.95,TSLA
3086,2022-09-20,317.46,TSLA
3087,2022-09-21,306.2,TSLA
3088,2022-09-22,289.42,TSLA
3089,2022-09-23,287.7,TSLA
3090,2022-09-26,288.92,TSLA
3091,2022-09-27,293.12,TSLA
3092,2022-09-28,300.79,TSLA
3093,2022-09-29,277.59,TSLA
3094,2022-09-30,275.56,TSLA
3095,2022-10-03,249.3,TSLA
3096,2022-10-04,261.59,TSLA
3097,2022-10-05,243.02,TSLA
3098,2022-10-06,239.5,TSLA
3099,2022-10-07,224.75,TSLA
3100,2022-10-10,228.83,TSLA
3101,2022-10-11,218.8,TSLA
3102,2022-10-12,225.42,TSLA
3103,2022-10-13,231.9,TSLA
3104,2022-10-14,214.34,TSLA
3105,2022-10-17,226.72,TSLA
3106,2022-10-18,227.6,TSLA
3107,2022-10-19,231.08,TSLA
3108,2022-10-20,216.41,TSLA
3109,2022-10-21,224.23,TSLA
3110,2022-10-24,220.81,TSLA
3111,2022-10-25,228.843,TSLA
3112,2022-10-26,228.37,TSLA
3113,2022-10-27,235.45,TSLA
3114,2022-10-28,233.07,TSLA
3115,2022-10-31,231.52,TSLA
3116,2022-11-01,235.52,TSLA
3117,2022-11-02,218.86,TSLA
3118,2022-11-03,217.52,TSLA
3119,2022-11-04,210.38,TSLA
3120,2022-11-07,198.97,TSLA
3121,2022-11-08,195.1,TSLA
3122,2022-11-09,177.81,TSLA
3123,2022-11-10,192.49,TSLA
3124,2022-11-11,205.23,TSLA
3125,2022-11-14,198.28,TSLA
3126,2022-11-15,197.35,TSLA
3127,2022-11-16,195.13,TSLA
3128,2022-11-17,189.89,TSLA
3129,2022-11-18,184.05,TSLA
3130,2022-11-21,173.14,TSLA
3131,2022-11-22,172.71,TSLA
3132,2022-11-23,186.9,TSLA
3133,2022-11-25,184.86,TSLA
3134,2022-11-28,187.6,TSLA
3135,2022-11-29,186.97,TSLA
3136,2022-11-30,197.9,TSLA
3137,2022-12-01,202.0,TSLA
3138,2022-12-02,196.07,TSLA
3139,2022-12-05,188.75,TSLA
3140,2022-12-06,183.35,TSLA
3141,2022-12-07,174.51,TSLA
3142,2022-12-08,179.21,TSLA
3143,2022-12-09,184.72,TSLA
3144,2022-12-12,172.04,TSLA
3145,2022-12-13,160.98,TSLA
3146,2022-12-14,161.8,TSLA
3147,2022-12-15,159.19,TSLA
3148,2022-12-16,150.49,TSLA
3149,2022-12-19,154.96,TSLA
3150,2022-12-20,141.4,TSLA
3151,2022-12-21,139.02,TSLA
3152,2022-12-22,127.57,TSLA
3153,2022-12-23,129.29,TSLA
3154,2022-12-27,110.8,TSLA
3155,2022-12-28,117.72,TSLA
3156,2022-12-29,126.39,TSLA
3157,2022-12-30,125.52,TSLA
3158,2023-01-03,109.1,TSLA
3159,2023-01-04,117.05,TSLA
3160,2023-01-05,113.67,TSLA
3161,2023-01-06,115.49,TSLA
3162,2023-01-09,120.63,TSLA
3163,2023-01-10,124.27,TSLA
3164,2023-01-11,129.12,TSLA
3165,2023-01-12,126.51,TSLA
3166,2023-01-13,126.8,TSLA
3167,2023-01-17,134.55,TSLA
3168,2023-01-18,133.24,TSLA
3169,2023-01-19,130.35,TSLA
3170,2023-01-20,134.51,TSLA
3171,2023-01-23,144.02,TSLA
3172,2023-01-24,149.15,TSLA
3173,2023-01-25,147.58,TSLA
3174,2023-01-26,166.2,TSLA
3175,2023-01-27,184.3,TSLA
